rosbagTimestamp,header,seq,stamp,secs,nsecs,frame_id,markers,-,header,seq,stamp,secs,nsecs,frame_id,id,pose,pose,position,x,y,z,orientation,x,y,z,w,covariance,confidence
1556703795066282430,,51415,,1556703795,55078402,"""base_footprint""",,,0,,1556703795,55078402,"""base_footprint""",2,,,,0.525723421496,0.0143982681355,1.19885791818,,-0.488055354441,0.519142476902,-0.509683303177,-0.482199118767,"[0.0, 0.0, 0.0, 0.0, 0.0, 0.0, 0.0, 0.0, 0.0, 0.0, 0.0, 0.0, 0.0, 0.0, 0.0, 0.0, 0.0, 0.0, 0.0, 0.0, 0.0, 0.0, 0.0, 0.0, 0.0, 0.0, 0.0, 0.0, 0.0, 0.0, 0.0, 0.0, 0.0, 0.0, 0.0, 0.0]",1.0
1556703795145299259,,51416,,1556703795,134958868,"""base_footprint""",,,0,,1556703795,134958868,"""base_footprint""",2,,,,0.525799859655,0.0144126860131,1.19885097129,,-0.487881040152,0.519362460439,-0.509651210025,-0.482172551549,"[0.0, 0.0, 0.0, 0.0, 0.0, 0.0, 0.0, 0.0, 0.0, 0.0, 0.0, 0.0, 0.0, 0.0, 0.0, 0.0, 0.0, 0.0, 0.0, 0.0, 0.0, 0.0, 0.0, 0.0, 0.0, 0.0, 0.0, 0.0, 0.0, 0.0, 0.0, 0.0, 0.0, 0.0, 0.0, 0.0]",1.0
1556703795228643141,,51417,,1556703795,216426558,"""base_footprint""",,,0,,1556703795,216426558,"""base_footprint""",2,,,,0.525758234041,0.0144280539241,1.1989396232,,-0.487409157109,0.519832364793,-0.510201387596,-0.481561180095,"[0.0, 0.0, 0.0, 0.0, 0.0, 0.0, 0.0, 0.0, 0.0, 0.0, 0.0, 0.0, 0.0, 0.0, 0.0, 0.0, 0.0, 0.0, 0.0, 0.0, 0.0, 0.0, 0.0, 0.0, 0.0, 0.0, 0.0, 0.0, 0.0, 0.0, 0.0, 0.0, 0.0, 0.0, 0.0, 0.0]",1.0
1556703795305634574,,51418,,1556703795,296407727,"""base_footprint""",,,0,,1556703795,296407727,"""base_footprint""",2,,,,0.525653839826,0.0144271212013,1.19889363401,,-0.487497507268,0.519745890731,-0.510279337037,-0.481482489473,"[0.0, 0.0, 0.0, 0.0, 0.0, 0.0, 0.0, 0.0, 0.0, 0.0, 0.0, 0.0, 0.0, 0.0, 0.0, 0.0, 0.0, 0.0, 0.0, 0.0, 0.0, 0.0, 0.0, 0.0, 0.0, 0.0, 0.0, 0.0, 0.0, 0.0, 0.0, 0.0, 0.0, 0.0, 0.0, 0.0]",1.0
1556703795388033562,,51419,,1556703795,377960037,"""base_footprint""",,,0,,1556703795,377960037,"""base_footprint""",2,,,,0.525811449075,0.0144601745521,1.19895363502,,-0.487388058951,0.519989454891,-0.510235174135,-0.481377101521,"[0.0, 0.0, 0.0, 0.0, 0.0, 0.0, 0.0, 0.0, 0.0, 0.0, 0.0, 0.0, 0.0, 0.0, 0.0, 0.0, 0.0, 0.0, 0.0, 0.0, 0.0, 0.0, 0.0, 0.0, 0.0, 0.0, 0.0, 0.0, 0.0, 0.0, 0.0, 0.0, 0.0, 0.0, 0.0, 0.0]",1.0
1556703795469506681,,51420,,1556703795,458056839,"""base_footprint""",,,0,,1556703795,458056839,"""base_footprint""",2,,,,0.525751504376,0.0144637894839,1.19889923166,,-0.487308602365,0.520037585862,-0.510408952657,-0.481221296702,"[0.0, 0.0, 0.0, 0.0, 0.0, 0.0, 0.0, 0.0, 0.0, 0.0, 0.0, 0.0, 0.0, 0.0, 0.0, 0.0, 0.0, 0.0, 0.0, 0.0, 0.0, 0.0, 0.0, 0.0, 0.0, 0.0, 0.0, 0.0, 0.0, 0.0, 0.0, 0.0, 0.0, 0.0, 0.0, 0.0]",1.0
1556703795552202535,,51421,,1556703795,539986107,"""base_footprint""",,,0,,1556703795,539986107,"""base_footprint""",2,,,,0.525812684873,0.0144445139334,1.19877984379,,-0.487351148373,0.519976247854,-0.511056287428,-0.480557000705,"[0.0, 0.0, 0.0, 0.0, 0.0, 0.0, 0.0, 0.0, 0.0, 0.0, 0.0, 0.0, 0.0, 0.0, 0.0, 0.0, 0.0, 0.0, 0.0, 0.0, 0.0, 0.0, 0.0, 0.0, 0.0, 0.0, 0.0, 0.0, 0.0, 0.0, 0.0, 0.0, 0.0, 0.0, 0.0, 0.0]",1.0
1556703795631414254,,51422,,1556703795,619514592,"""base_footprint""",,,0,,1556703795,619514592,"""base_footprint""",2,,,,0.525773349685,0.0144490310657,1.1988369256,,-0.487012679553,0.5201567004,-0.5101220321,-0.481696137985,"[0.0, 0.0, 0.0, 0.0, 0.0, 0.0, 0.0, 0.0, 0.0, 0.0, 0.0, 0.0, 0.0, 0.0, 0.0, 0.0, 0.0, 0.0, 0.0, 0.0, 0.0, 0.0, 0.0, 0.0, 0.0, 0.0, 0.0, 0.0, 0.0, 0.0, 0.0, 0.0, 0.0, 0.0, 0.0, 0.0]",1.0
1556703795711874160,,51423,,1556703795,700750385,"""base_footprint""",,,0,,1556703795,700750385,"""base_footprint""",2,,,,0.525700630921,0.0143732029506,1.19906807956,,-0.488678542326,0.518296280311,-0.508136729671,-0.484106715555,"[0.0, 0.0, 0.0, 0.0, 0.0, 0.0, 0.0, 0.0, 0.0, 0.0, 0.0, 0.0, 0.0, 0.0, 0.0, 0.0, 0.0, 0.0, 0.0, 0.0, 0.0, 0.0, 0.0, 0.0, 0.0, 0.0, 0.0, 0.0, 0.0, 0.0, 0.0, 0.0, 0.0, 0.0, 0.0, 0.0]",1.0
1556703795790658409,,51424,,1556703795,780592856,"""base_footprint""",,,0,,1556703795,780592856,"""base_footprint""",2,,,,0.525622313339,0.0143539585345,1.19910731784,,-0.489212886322,0.517818568358,-0.508460130821,-0.483738542485,"[0.0, 0.0, 0.0, 0.0, 0.0, 0.0, 0.0, 0.0, 0.0, 0.0, 0.0, 0.0, 0.0, 0.0, 0.0, 0.0, 0.0, 0.0, 0.0, 0.0, 0.0, 0.0, 0.0, 0.0, 0.0, 0.0, 0.0, 0.0, 0.0, 0.0, 0.0, 0.0, 0.0, 0.0, 0.0, 0.0]",1.0
1556703795873385405,,51425,,1556703795,862505242,"""base_footprint""",,,0,,1556703795,862505242,"""base_footprint""",2,,,,0.525690275638,0.0143760599508,1.19914248139,,-0.488782345163,0.51833888874,-0.508804234565,-0.483254453022,"[0.0, 0.0, 0.0, 0.0, 0.0, 0.0, 0.0, 0.0, 0.0, 0.0, 0.0, 0.0, 0.0, 0.0, 0.0, 0.0, 0.0, 0.0, 0.0, 0.0, 0.0, 0.0, 0.0, 0.0, 0.0, 0.0, 0.0, 0.0, 0.0, 0.0, 0.0, 0.0, 0.0, 0.0, 0.0, 0.0]",1.0
1556703795953874446,,51426,,1556703795,942220651,"""base_footprint""",,,0,,1556703795,942220651,"""base_footprint""",2,,,,0.525759770251,0.0143909608482,1.19915047251,,-0.488268854772,0.518895375942,-0.509277069482,-0.482677926557,"[0.0, 0.0, 0.0, 0.0, 0.0, 0.0, 0.0, 0.0, 0.0, 0.0, 0.0, 0.0, 0.0, 0.0, 0.0, 0.0, 0.0, 0.0, 0.0, 0.0, 0.0, 0.0, 0.0, 0.0, 0.0, 0.0, 0.0, 0.0, 0.0, 0.0, 0.0, 0.0, 0.0, 0.0, 0.0, 0.0]",1.0
1556703796034126230,,51427,,1556703796,23758756,"""base_footprint""",,,0,,1556703796,23758756,"""base_footprint""",2,,,,0.525782523306,0.0143798523086,1.19919160252,,-0.488499290325,0.518586054902,-0.508691544222,-0.48339410407,"[0.0, 0.0, 0.0, 0.0, 0.0, 0.0, 0.0, 0.0, 0.0, 0.0, 0.0, 0.0, 0.0, 0.0, 0.0, 0.0, 0.0, 0.0, 0.0, 0.0, 0.0, 0.0, 0.0, 0.0, 0.0, 0.0, 0.0, 0.0, 0.0, 0.0, 0.0, 0.0, 0.0, 0.0, 0.0, 0.0]",1.0
1556703796113486779,,51428,,1556703796,103328723,"""base_footprint""",,,0,,1556703796,103328723,"""base_footprint""",2,,,,0.525767998438,0.0143699397336,1.19921054764,,-0.488702685024,0.518350734695,-0.508608093322,-0.483528705351,"[0.0, 0.0, 0.0, 0.0, 0.0, 0.0, 0.0, 0.0, 0.0, 0.0, 0.0, 0.0, 0.0, 0.0, 0.0, 0.0, 0.0, 0.0, 0.0, 0.0, 0.0, 0.0, 0.0, 0.0, 0.0, 0.0, 0.0, 0.0, 0.0, 0.0, 0.0, 0.0, 0.0, 0.0, 0.0, 0.0]",1.0
1556703796194789869,,51429,,1556703796,184663774,"""base_footprint""",,,0,,1556703796,184663774,"""base_footprint""",2,,,,0.525721673631,0.0143836676183,1.19941057016,,-0.488404211716,0.518663623418,-0.508806286165,-0.483286183208,"[0.0, 0.0, 0.0, 0.0, 0.0, 0.0, 0.0, 0.0, 0.0, 0.0, 0.0, 0.0, 0.0, 0.0, 0.0, 0.0, 0.0, 0.0, 0.0, 0.0, 0.0, 0.0, 0.0, 0.0, 0.0, 0.0, 0.0, 0.0, 0.0, 0.0, 0.0, 0.0, 0.0, 0.0, 0.0, 0.0]",1.0
1556703796274251488,,51430,,1556703796,264725530,"""base_footprint""",,,0,,1556703796,264725530,"""base_footprint""",2,,,,0.525652000827,0.014371322127,1.19896505725,,-0.48874020535,0.51826304028,-0.509004373492,-0.4831676526,"[0.0, 0.0, 0.0, 0.0, 0.0, 0.0, 0.0, 0.0, 0.0, 0.0, 0.0, 0.0, 0.0, 0.0, 0.0, 0.0, 0.0, 0.0, 0.0, 0.0, 0.0, 0.0, 0.0, 0.0, 0.0, 0.0, 0.0, 0.0, 0.0, 0.0, 0.0, 0.0, 0.0, 0.0, 0.0, 0.0]",1.0
1556703796357746349,,51431,,1556703796,346536947,"""base_footprint""",,,0,,1556703796,346536947,"""base_footprint""",2,,,,0.525711360846,0.0143705296909,1.19894162864,,-0.488884942618,0.518141283794,-0.508188232012,-0.484010169061,"[0.0, 0.0, 0.0, 0.0, 0.0, 0.0, 0.0, 0.0, 0.0, 0.0, 0.0, 0.0, 0.0, 0.0, 0.0, 0.0, 0.0, 0.0, 0.0, 0.0, 0.0, 0.0, 0.0, 0.0, 0.0, 0.0, 0.0, 0.0, 0.0, 0.0, 0.0, 0.0, 0.0, 0.0, 0.0, 0.0]",1.0
1556703796437898733,,51432,,1556703796,426054462,"""base_footprint""",,,0,,1556703796,426054462,"""base_footprint""",2,,,,0.525642545586,0.0143777104819,1.19889849922,,-0.489020205999,0.517824032906,-0.507424682034,-0.485013093774,"[0.0, 0.0, 0.0, 0.0, 0.0, 0.0, 0.0, 0.0, 0.0, 0.0, 0.0, 0.0, 0.0, 0.0, 0.0, 0.0, 0.0, 0.0, 0.0, 0.0, 0.0, 0.0, 0.0, 0.0, 0.0, 0.0, 0.0, 0.0, 0.0, 0.0, 0.0, 0.0, 0.0, 0.0, 0.0, 0.0]",1.0
1556703796517204953,,51433,,1556703796,507255753,"""base_footprint""",,,0,,1556703796,507255753,"""base_footprint""",2,,,,0.525815666726,0.0143433324749,1.19897984667,,-0.489134156874,0.517531941254,-0.506683605816,-0.485983734253,"[0.0, 0.0, 0.0, 0.0, 0.0, 0.0, 0.0, 0.0, 0.0, 0.0, 0.0, 0.0, 0.0, 0.0, 0.0, 0.0, 0.0, 0.0, 0.0, 0.0, 0.0, 0.0, 0.0, 0.0, 0.0, 0.0, 0.0, 0.0, 0.0, 0.0, 0.0, 0.0, 0.0, 0.0, 0.0, 0.0]",1.0
1556703796596874731,,51434,,1556703796,586868236,"""base_footprint""",,,0,,1556703796,586868236,"""base_footprint""",2,,,,0.525791538112,0.0142304069601,1.19912083352,,-0.490551129155,0.516009341913,-0.505758260964,-0.487137075379,"[0.0, 0.0, 0.0, 0.0, 0.0, 0.0, 0.0, 0.0, 0.0, 0.0, 0.0, 0.0, 0.0, 0.0, 0.0, 0.0, 0.0, 0.0, 0.0, 0.0, 0.0, 0.0, 0.0, 0.0, 0.0, 0.0, 0.0, 0.0, 0.0, 0.0, 0.0, 0.0, 0.0, 0.0, 0.0, 0.0]",1.0
1556703796681281257,,51435,,1556703796,668768049,"""base_footprint""",,,0,,1556703796,668768049,"""base_footprint""",2,,,,0.525948118079,0.0140793949951,1.19905793375,,-0.489690026212,0.51672353492,-0.506358053123,-0.486623045823,"[0.0, 0.0, 0.0, 0.0, 0.0, 0.0, 0.0, 0.0, 0.0, 0.0, 0.0, 0.0, 0.0, 0.0, 0.0, 0.0, 0.0, 0.0, 0.0, 0.0, 0.0, 0.0, 0.0, 0.0, 0.0, 0.0, 0.0, 0.0, 0.0, 0.0, 0.0, 0.0, 0.0, 0.0, 0.0, 0.0]",1.0
1556703796759259753,,51436,,1556703796,748155481,"""base_footprint""",,,0,,1556703796,748155481,"""base_footprint""",2,,,,0.525871614562,0.0142380370962,1.199426506,,-0.489890423713,0.516589045122,-0.505371147698,-0.487589103947,"[0.0, 0.0, 0.0, 0.0, 0.0, 0.0, 0.0, 0.0, 0.0, 0.0, 0.0, 0.0, 0.0, 0.0, 0.0, 0.0, 0.0, 0.0, 0.0, 0.0, 0.0, 0.0, 0.0, 0.0, 0.0, 0.0, 0.0, 0.0, 0.0, 0.0, 0.0, 0.0, 0.0, 0.0, 0.0, 0.0]",1.0
1556703796840836887,,51437,,1556703796,829599434,"""base_footprint""",,,0,,1556703796,829599434,"""base_footprint""",2,,,,0.525907159832,0.0141927829798,1.1991505273,,-0.49091347321,0.515559847692,-0.50525649775,-0.487768261319,"[0.0, 0.0, 0.0, 0.0, 0.0, 0.0, 0.0, 0.0, 0.0, 0.0, 0.0, 0.0, 0.0, 0.0, 0.0, 0.0, 0.0, 0.0, 0.0, 0.0, 0.0, 0.0, 0.0, 0.0, 0.0, 0.0, 0.0, 0.0, 0.0, 0.0, 0.0, 0.0, 0.0, 0.0, 0.0, 0.0]",1.0
1556703796922253605,,51438,,1556703796,909462052,"""base_footprint""",,,0,,1556703796,909462052,"""base_footprint""",2,,,,0.526076983194,0.0141790186959,1.19914856464,,-0.490627739348,0.516098429006,-0.505891588973,-0.486827005379,"[0.0, 0.0, 0.0, 0.0, 0.0, 0.0, 0.0, 0.0, 0.0, 0.0, 0.0, 0.0, 0.0, 0.0, 0.0, 0.0, 0.0, 0.0, 0.0, 0.0, 0.0, 0.0, 0.0, 0.0, 0.0, 0.0, 0.0, 0.0, 0.0, 0.0, 0.0, 0.0, 0.0, 0.0, 0.0, 0.0]",1.0
1556703797002074025,,51439,,1556703796,990779735,"""base_footprint""",,,0,,1556703796,990779735,"""base_footprint""",2,,,,0.526677563436,0.0139034809585,1.19927444277,,-0.492320863202,0.513637971322,-0.507120640127,-0.486441012281,"[0.0, 0.0, 0.0, 0.0, 0.0, 0.0, 0.0, 0.0, 0.0, 0.0, 0.0, 0.0, 0.0, 0.0, 0.0, 0.0, 0.0, 0.0, 0.0, 0.0, 0.0, 0.0, 0.0, 0.0, 0.0, 0.0, 0.0, 0.0, 0.0, 0.0, 0.0, 0.0, 0.0, 0.0, 0.0, 0.0]",1.0
1556703797081390959,,51440,,1556703797,70419917,"""base_footprint""",,,0,,1556703797,70419917,"""base_footprint""",2,,,,0.526451701186,0.0139934810399,1.19902480945,,-0.491413704606,0.515403205266,-0.50611676609,-0.486536664609,"[0.0, 0.0, 0.0, 0.0, 0.0, 0.0, 0.0, 0.0, 0.0, 0.0, 0.0, 0.0, 0.0, 0.0, 0.0, 0.0, 0.0, 0.0, 0.0, 0.0, 0.0, 0.0, 0.0, 0.0, 0.0, 0.0, 0.0, 0.0, 0.0, 0.0, 0.0, 0.0, 0.0, 0.0, 0.0, 0.0]",1.0
1556703797163745463,,51441,,1556703797,151856304,"""base_footprint""",,,0,,1556703797,151856304,"""base_footprint""",2,,,,0.526248028956,0.013978131598,1.19897389518,,-0.491093460093,0.515704123458,-0.506170028112,-0.486485737862,"[0.0, 0.0, 0.0, 0.0, 0.0, 0.0, 0.0, 0.0, 0.0, 0.0, 0.0, 0.0, 0.0, 0.0, 0.0, 0.0, 0.0, 0.0, 0.0, 0.0, 0.0, 0.0, 0.0, 0.0, 0.0, 0.0, 0.0, 0.0, 0.0, 0.0, 0.0, 0.0, 0.0, 0.0, 0.0, 0.0]",1.0
1556703797243339978,,51442,,1556703797,231190067,"""base_footprint""",,,0,,1556703797,231190067,"""base_footprint""",2,,,,0.526187845326,0.0141530813417,1.19897819849,,-0.489750656053,0.51672120407,-0.506069481897,-0.486864633808,"[0.0, 0.0, 0.0, 0.0, 0.0, 0.0, 0.0, 0.0, 0.0, 0.0, 0.0, 0.0, 0.0, 0.0, 0.0, 0.0, 0.0, 0.0, 0.0, 0.0, 0.0, 0.0, 0.0, 0.0, 0.0, 0.0, 0.0, 0.0, 0.0, 0.0, 0.0, 0.0, 0.0, 0.0, 0.0, 0.0]",1.0
1556703797324449296,,51443,,1556703797,312237389,"""base_footprint""",,,0,,1556703797,312237389,"""base_footprint""",2,,,,0.526258869229,0.0140226894753,1.19917440683,,-0.491626936056,0.514919561458,-0.505880718944,-0.487078534914,"[0.0, 0.0, 0.0, 0.0, 0.0, 0.0, 0.0, 0.0, 0.0, 0.0, 0.0, 0.0, 0.0, 0.0, 0.0, 0.0, 0.0, 0.0, 0.0, 0.0, 0.0, 0.0, 0.0, 0.0, 0.0, 0.0, 0.0, 0.0, 0.0, 0.0, 0.0, 0.0, 0.0, 0.0, 0.0, 0.0]",1.0
1556703797402559689,,51444,,1556703797,392315551,"""base_footprint""",,,0,,1556703797,392315551,"""base_footprint""",2,,,,0.526330740571,0.013947217335,1.19908837667,,-0.490412497769,0.516406208759,-0.507422993361,-0.485120722496,"[0.0, 0.0, 0.0, 0.0, 0.0, 0.0, 0.0, 0.0, 0.0, 0.0, 0.0, 0.0, 0.0, 0.0, 0.0, 0.0, 0.0, 0.0, 0.0, 0.0, 0.0, 0.0, 0.0, 0.0, 0.0, 0.0, 0.0, 0.0, 0.0, 0.0, 0.0, 0.0, 0.0, 0.0, 0.0, 0.0]",1.0
1556703797485084239,,51445,,1556703797,474383614,"""base_footprint""",,,0,,1556703797,474383614,"""base_footprint""",2,,,,0.526366189132,0.014063272753,1.19925466268,,-0.49113848425,0.51543201285,-0.506208559392,-0.486688528544,"[0.0, 0.0, 0.0, 0.0, 0.0, 0.0, 0.0, 0.0, 0.0, 0.0, 0.0, 0.0, 0.0, 0.0, 0.0, 0.0, 0.0, 0.0, 0.0, 0.0, 0.0, 0.0, 0.0, 0.0, 0.0, 0.0, 0.0, 0.0, 0.0, 0.0, 0.0, 0.0, 0.0, 0.0, 0.0, 0.0]",1.0
1556703797565527483,,51446,,1556703797,554211552,"""base_footprint""",,,0,,1556703797,554211552,"""base_footprint""",2,,,,0.526314959982,0.0141255579045,1.19936395731,,-0.490693100674,0.51585273057,-0.506949159865,-0.485920559995,"[0.0, 0.0, 0.0, 0.0, 0.0, 0.0, 0.0, 0.0, 0.0, 0.0, 0.0, 0.0, 0.0, 0.0, 0.0, 0.0, 0.0, 0.0, 0.0, 0.0, 0.0, 0.0, 0.0, 0.0, 0.0, 0.0, 0.0, 0.0, 0.0, 0.0, 0.0, 0.0, 0.0, 0.0, 0.0, 0.0]",1.0
1556703797646343594,,51447,,1556703797,635905568,"""base_footprint""",,,0,,1556703797,635905568,"""base_footprint""",2,,,,0.526134946494,0.0145694660952,1.1987992558,,-0.486123538918,0.521196952997,-0.512215328006,-0.479242213136,"[0.0, 0.0, 0.0, 0.0, 0.0, 0.0, 0.0, 0.0, 0.0, 0.0, 0.0, 0.0, 0.0, 0.0, 0.0, 0.0, 0.0, 0.0, 0.0, 0.0, 0.0, 0.0, 0.0, 0.0, 0.0, 0.0, 0.0, 0.0, 0.0, 0.0, 0.0, 0.0, 0.0, 0.0, 0.0, 0.0]",1.0
1556703797728891407,,51448,,1556703797,715618842,"""base_footprint""",,,0,,1556703797,715618842,"""base_footprint""",2,,,,0.526123090705,0.0146127267461,1.19871922392,,-0.485866688263,0.521330511555,-0.512223619943,-0.479348539302,"[0.0, 0.0, 0.0, 0.0, 0.0, 0.0, 0.0, 0.0, 0.0, 0.0, 0.0, 0.0, 0.0, 0.0, 0.0, 0.0, 0.0, 0.0, 0.0, 0.0, 0.0, 0.0, 0.0, 0.0, 0.0, 0.0, 0.0, 0.0, 0.0, 0.0, 0.0, 0.0, 0.0, 0.0, 0.0, 0.0]",1.0
1556703797808061586,,51449,,1556703797,797250572,"""base_footprint""",,,0,,1556703797,797250572,"""base_footprint""",2,,,,0.526129502571,0.0146076061768,1.19866313102,,-0.486092330733,0.521290760215,-0.512629348277,-0.478728880059,"[0.0, 0.0, 0.0, 0.0, 0.0, 0.0, 0.0, 0.0, 0.0, 0.0, 0.0, 0.0, 0.0, 0.0, 0.0, 0.0, 0.0, 0.0, 0.0, 0.0, 0.0, 0.0, 0.0, 0.0, 0.0, 0.0, 0.0, 0.0, 0.0, 0.0, 0.0, 0.0, 0.0, 0.0, 0.0, 0.0]",1.0
1556703797888238223,,51450,,1556703797,876836505,"""base_footprint""",,,0,,1556703797,876836505,"""base_footprint""",2,,,,0.526070010725,0.0146333094967,1.19905100603,,-0.485840742637,0.521545482857,-0.511848662943,-0.479541477194,"[0.0, 0.0, 0.0, 0.0, 0.0, 0.0, 0.0, 0.0, 0.0, 0.0, 0.0, 0.0, 0.0, 0.0, 0.0, 0.0, 0.0, 0.0, 0.0, 0.0, 0.0, 0.0, 0.0, 0.0, 0.0, 0.0, 0.0, 0.0, 0.0, 0.0, 0.0, 0.0, 0.0, 0.0, 0.0, 0.0]",1.0
1556703797969889795,,51451,,1556703797,958745147,"""base_footprint""",,,0,,1556703797,958745147,"""base_footprint""",2,,,,0.52610292466,0.0145490650471,1.19896111322,,-0.486192937206,0.521172938921,-0.511948738574,-0.479482726092,"[0.0, 0.0, 0.0, 0.0, 0.0, 0.0, 0.0, 0.0, 0.0, 0.0, 0.0, 0.0, 0.0, 0.0, 0.0, 0.0, 0.0, 0.0, 0.0, 0.0, 0.0, 0.0, 0.0, 0.0, 0.0, 0.0, 0.0, 0.0, 0.0, 0.0, 0.0, 0.0, 0.0, 0.0, 0.0, 0.0]",1.0
1556703798049297344,,51452,,1556703798,38507757,"""base_footprint""",,,0,,1556703798,38507757,"""base_footprint""",2,,,,0.526108922503,0.0146174757495,1.19881358117,,-0.486238385405,0.521312321437,-0.511919782115,-0.479316005112,"[0.0, 0.0, 0.0, 0.0, 0.0, 0.0, 0.0, 0.0, 0.0, 0.0, 0.0, 0.0, 0.0, 0.0, 0.0, 0.0, 0.0, 0.0, 0.0, 0.0, 0.0, 0.0, 0.0, 0.0, 0.0, 0.0, 0.0, 0.0, 0.0, 0.0, 0.0, 0.0, 0.0, 0.0, 0.0, 0.0]",1.0
1556703798129630249,,51453,,1556703798,119734617,"""base_footprint""",,,0,,1556703798,119734617,"""base_footprint""",2,,,,0.525890382336,0.0146061688522,1.19897598811,,-0.485623963917,0.521739860398,-0.511862897997,-0.479534417321,"[0.0, 0.0, 0.0, 0.0, 0.0, 0.0, 0.0, 0.0, 0.0, 0.0, 0.0, 0.0, 0.0, 0.0, 0.0, 0.0, 0.0, 0.0, 0.0, 0.0, 0.0, 0.0, 0.0, 0.0, 0.0, 0.0, 0.0, 0.0, 0.0, 0.0, 0.0, 0.0, 0.0, 0.0, 0.0, 0.0]",1.0
1556703798209991064,,51454,,1556703798,199565266,"""base_footprint""",,,0,,1556703798,199565266,"""base_footprint""",2,,,,0.525950548817,0.0146517626539,1.19904568407,,-0.485300195335,0.522024305605,-0.512070938265,-0.479330469457,"[0.0, 0.0, 0.0, 0.0, 0.0, 0.0, 0.0, 0.0, 0.0, 0.0, 0.0, 0.0, 0.0, 0.0, 0.0, 0.0, 0.0, 0.0, 0.0, 0.0, 0.0, 0.0, 0.0, 0.0, 0.0, 0.0, 0.0, 0.0, 0.0, 0.0, 0.0, 0.0, 0.0, 0.0, 0.0, 0.0]",1.0
1556703798292609180,,51455,,1556703798,281321424,"""base_footprint""",,,0,,1556703798,281321424,"""base_footprint""",2,,,,0.525927772136,0.0146232672672,1.19887551761,,-0.485388170358,0.521904711557,-0.511720622086,-0.47974555867,"[0.0, 0.0, 0.0, 0.0, 0.0, 0.0, 0.0, 0.0, 0.0, 0.0, 0.0, 0.0, 0.0, 0.0, 0.0, 0.0, 0.0, 0.0, 0.0, 0.0, 0.0, 0.0, 0.0, 0.0, 0.0, 0.0, 0.0, 0.0, 0.0, 0.0, 0.0, 0.0, 0.0, 0.0, 0.0, 0.0]",1.0
1556703798373782663,,51456,,1556703798,361391740,"""base_footprint""",,,0,,1556703798,361391740,"""base_footprint""",2,,,,0.525922454746,0.0146210444719,1.19874290172,,-0.485250401816,0.522079820344,-0.511606189208,-0.479816439789,"[0.0, 0.0, 0.0, 0.0, 0.0, 0.0, 0.0, 0.0, 0.0, 0.0, 0.0, 0.0, 0.0, 0.0, 0.0, 0.0, 0.0, 0.0, 0.0, 0.0, 0.0, 0.0, 0.0, 0.0, 0.0, 0.0, 0.0, 0.0, 0.0, 0.0, 0.0, 0.0, 0.0, 0.0, 0.0, 0.0]",1.0
1556703798455434357,,51457,,1556703798,442794593,"""base_footprint""",,,0,,1556703798,442794593,"""base_footprint""",2,,,,0.525981113199,0.014548984896,1.19892392897,,-0.485761471045,0.521421146344,-0.51259795345,-0.478956281421,"[0.0, 0.0, 0.0, 0.0, 0.0, 0.0, 0.0, 0.0, 0.0, 0.0, 0.0, 0.0, 0.0, 0.0, 0.0, 0.0, 0.0, 0.0, 0.0, 0.0, 0.0, 0.0, 0.0, 0.0, 0.0, 0.0, 0.0, 0.0, 0.0, 0.0, 0.0, 0.0, 0.0, 0.0, 0.0, 0.0]",1.0
1556703798534176219,,51458,,1556703798,522256785,"""base_footprint""",,,0,,1556703798,522256785,"""base_footprint""",2,,,,0.526165813804,0.0142927774991,1.19887835641,,-0.489151705697,0.518019122459,-0.50894704906,-0.483073181655,"[0.0, 0.0, 0.0, 0.0, 0.0, 0.0, 0.0, 0.0, 0.0, 0.0, 0.0, 0.0, 0.0, 0.0, 0.0, 0.0, 0.0, 0.0, 0.0, 0.0, 0.0, 0.0, 0.0, 0.0, 0.0, 0.0, 0.0, 0.0, 0.0, 0.0, 0.0, 0.0, 0.0, 0.0, 0.0, 0.0]",1.0
1556703798614406087,,51459,,1556703798,603569241,"""base_footprint""",,,0,,1556703798,603569241,"""base_footprint""",2,,,,0.526044986171,0.0143540530468,1.19905089583,,-0.487583855423,0.519218694429,-0.509819590138,-0.482449911181,"[0.0, 0.0, 0.0, 0.0, 0.0, 0.0, 0.0, 0.0, 0.0, 0.0, 0.0, 0.0, 0.0, 0.0, 0.0, 0.0, 0.0, 0.0, 0.0, 0.0, 0.0, 0.0, 0.0, 0.0, 0.0, 0.0, 0.0, 0.0, 0.0, 0.0, 0.0, 0.0, 0.0, 0.0, 0.0, 0.0]",1.0
1556703798693297646,,51460,,1556703798,683206511,"""base_footprint""",,,0,,1556703798,683206511,"""base_footprint""",2,,,,0.525953854188,0.0143815683181,1.19914713718,,-0.487492482905,0.519440787919,-0.510227914809,-0.481871167333,"[0.0, 0.0, 0.0, 0.0, 0.0, 0.0, 0.0, 0.0, 0.0, 0.0, 0.0, 0.0, 0.0, 0.0, 0.0, 0.0, 0.0, 0.0, 0.0, 0.0, 0.0, 0.0, 0.0, 0.0, 0.0, 0.0, 0.0, 0.0, 0.0, 0.0, 0.0, 0.0, 0.0, 0.0, 0.0, 0.0]",1.0
1556703798776191798,,51461,,1556703798,765280281,"""base_footprint""",,,0,,1556703798,765280281,"""base_footprint""",2,,,,0.525897267127,0.0144035916904,1.19899045905,,-0.487222718223,0.519778770837,-0.50956989452,-0.482475465525,"[0.0, 0.0, 0.0, 0.0, 0.0, 0.0, 0.0, 0.0, 0.0, 0.0, 0.0, 0.0, 0.0, 0.0, 0.0, 0.0, 0.0, 0.0, 0.0, 0.0, 0.0, 0.0, 0.0, 0.0, 0.0, 0.0, 0.0, 0.0, 0.0, 0.0, 0.0, 0.0, 0.0, 0.0, 0.0, 0.0]",1.0
1556703798857536430,,51462,,1556703798,844678737,"""base_footprint""",,,0,,1556703798,844678737,"""base_footprint""",2,,,,0.525947773651,0.0144697483132,1.19911035857,,-0.486381380808,0.520781606564,-0.510582818641,-0.481170298311,"[0.0, 0.0, 0.0, 0.0, 0.0, 0.0, 0.0, 0.0, 0.0, 0.0, 0.0, 0.0, 0.0, 0.0, 0.0, 0.0, 0.0, 0.0, 0.0, 0.0, 0.0, 0.0, 0.0, 0.0, 0.0, 0.0, 0.0, 0.0, 0.0, 0.0, 0.0, 0.0, 0.0, 0.0, 0.0, 0.0]",1.0
1556703798941091186,,51463,,1556703798,926893365,"""base_footprint""",,,0,,1556703798,926893365,"""base_footprint""",2,,,,0.525895163497,0.0144700227149,1.19897150768,,-0.486465885033,0.520662249017,-0.510543682455,-0.4812555594,"[0.0, 0.0, 0.0, 0.0, 0.0, 0.0, 0.0, 0.0, 0.0, 0.0, 0.0, 0.0, 0.0, 0.0, 0.0, 0.0, 0.0, 0.0, 0.0, 0.0, 0.0, 0.0, 0.0, 0.0, 0.0, 0.0, 0.0, 0.0, 0.0, 0.0, 0.0, 0.0, 0.0, 0.0, 0.0, 0.0]",1.0
1556703799017427253,,51464,,1556703799,6478968,"""base_footprint""",,,0,,1556703799,6478968,"""base_footprint""",2,,,,0.52606591293,0.0144482596849,1.19910315074,,-0.486991081987,0.520373014629,-0.510888372619,-0.480671075096,"[0.0, 0.0, 0.0, 0.0, 0.0, 0.0, 0.0, 0.0, 0.0, 0.0, 0.0, 0.0, 0.0, 0.0, 0.0, 0.0, 0.0, 0.0, 0.0, 0.0, 0.0, 0.0, 0.0, 0.0, 0.0, 0.0, 0.0, 0.0, 0.0, 0.0, 0.0, 0.0, 0.0, 0.0, 0.0, 0.0]",1.0
1556703799098089438,,51465,,1556703799,88197848,"""base_footprint""",,,0,,1556703799,88197848,"""base_footprint""",2,,,,0.526028527697,0.0144952677982,1.19887654222,,-0.486364901723,0.520970052913,-0.511851216373,-0.479632899869,"[0.0, 0.0, 0.0, 0.0, 0.0, 0.0, 0.0, 0.0, 0.0, 0.0, 0.0, 0.0, 0.0, 0.0, 0.0, 0.0, 0.0, 0.0, 0.0, 0.0, 0.0, 0.0, 0.0, 0.0, 0.0, 0.0, 0.0, 0.0, 0.0, 0.0, 0.0, 0.0, 0.0, 0.0, 0.0, 0.0]",1.0
1556703799176974238,,51466,,1556703799,167558578,"""base_footprint""",,,0,,1556703799,167558578,"""base_footprint""",2,,,,0.525926798359,0.0145433631526,1.19899989235,,-0.485845469463,0.521405022541,-0.511437106195,-0.480128179425,"[0.0, 0.0, 0.0, 0.0, 0.0, 0.0, 0.0, 0.0, 0.0, 0.0, 0.0, 0.0, 0.0, 0.0, 0.0, 0.0, 0.0, 0.0, 0.0, 0.0, 0.0, 0.0, 0.0, 0.0, 0.0, 0.0, 0.0, 0.0, 0.0, 0.0, 0.0, 0.0, 0.0, 0.0, 0.0, 0.0]",1.0
1556703799258884439,,51467,,1556703799,248900416,"""base_footprint""",,,0,,1556703799,248900416,"""base_footprint""",2,,,,0.525869449042,0.0145158277476,1.19901021164,,-0.485942450513,0.521270791726,-0.511259534521,-0.480364845555,"[0.0, 0.0, 0.0, 0.0, 0.0, 0.0, 0.0, 0.0, 0.0, 0.0, 0.0, 0.0, 0.0, 0.0, 0.0, 0.0, 0.0, 0.0, 0.0, 0.0, 0.0, 0.0, 0.0, 0.0, 0.0, 0.0, 0.0, 0.0, 0.0, 0.0, 0.0, 0.0, 0.0, 0.0, 0.0, 0.0]",1.0
1556703799339719045,,51468,,1556703799,329073069,"""base_footprint""",,,0,,1556703799,329073069,"""base_footprint""",2,,,,0.525908526567,0.0151093701558,1.19899818922,,-0.490076441424,0.516939344424,-0.507636937515,-0.48466847991,"[0.0, 0.0, 0.0, 0.0, 0.0, 0.0, 0.0, 0.0, 0.0, 0.0, 0.0, 0.0, 0.0, 0.0, 0.0, 0.0, 0.0, 0.0, 0.0, 0.0, 0.0, 0.0, 0.0, 0.0, 0.0, 0.0, 0.0, 0.0, 0.0, 0.0, 0.0, 0.0, 0.0, 0.0, 0.0, 0.0]",1.0
1556703799423413808,,51469,,1556703799,410397755,"""base_footprint""",,,0,,1556703799,410397755,"""base_footprint""",2,,,,0.525127847842,0.0150816471469,1.19908846332,,-0.489133129608,0.518406729949,-0.511910747814,-0.479531677927,"[0.0, 0.0, 0.0, 0.0, 0.0, 0.0, 0.0, 0.0, 0.0, 0.0, 0.0, 0.0, 0.0, 0.0, 0.0, 0.0, 0.0, 0.0, 0.0, 0.0, 0.0, 0.0, 0.0, 0.0, 0.0, 0.0, 0.0, 0.0, 0.0, 0.0, 0.0, 0.0, 0.0, 0.0, 0.0, 0.0]",1.0
1556703799499308601,,51470,,1556703799,489968687,"""base_footprint""",,,0,,1556703799,489968687,"""base_footprint""",2,,,,0.524919272772,0.0155470029641,1.19919165557,,-0.492913407824,0.514301107755,-0.507660701652,-0.484573374163,"[0.0, 0.0, 0.0, 0.0, 0.0, 0.0, 0.0, 0.0, 0.0, 0.0, 0.0, 0.0, 0.0, 0.0, 0.0, 0.0, 0.0, 0.0, 0.0, 0.0, 0.0, 0.0, 0.0, 0.0, 0.0, 0.0, 0.0, 0.0, 0.0, 0.0, 0.0, 0.0, 0.0, 0.0, 0.0, 0.0]",1.0
1556703799581440601,,51471,,1556703799,571648287,"""base_footprint""",,,0,,1556703799,571648287,"""base_footprint""",2,,,,0.524771701326,0.0152110207138,1.19906674844,,-0.494086675225,0.511546064571,-0.510999047338,-0.482782512947,"[0.0, 0.0, 0.0, 0.0, 0.0, 0.0, 0.0, 0.0, 0.0, 0.0, 0.0, 0.0, 0.0, 0.0, 0.0, 0.0, 0.0, 0.0, 0.0, 0.0, 0.0, 0.0, 0.0, 0.0, 0.0, 0.0, 0.0, 0.0, 0.0, 0.0, 0.0, 0.0, 0.0, 0.0, 0.0, 0.0]",1.0
1556703799661982696,,51472,,1556703799,651901996,"""base_footprint""",,,0,,1556703799,651901996,"""base_footprint""",2,,,,0.523651605289,0.0143214326385,1.19887171744,,0.497176377959,-0.508701295734,0.5147247982,0.478640807951,"[0.0, 0.0, 0.0, 0.0, 0.0, 0.0, 0.0, 0.0, 0.0, 0.0, 0.0, 0.0, 0.0, 0.0, 0.0, 0.0, 0.0, 0.0, 0.0, 0.0, 0.0, 0.0, 0.0, 0.0, 0.0, 0.0, 0.0, 0.0, 0.0, 0.0, 0.0, 0.0, 0.0, 0.0, 0.0, 0.0]",1.0
1556703799748081296,,51473,,1556703799,733860396,"""base_footprint""",,,0,,1556703799,733860396,"""base_footprint""",2,,,,0.522311943422,0.0151231802948,1.19869636817,,-0.490786858724,0.516894451728,-0.515325503005,-0.475802491617,"[0.0, 0.0, 0.0, 0.0, 0.0, 0.0, 0.0, 0.0, 0.0, 0.0, 0.0, 0.0, 0.0, 0.0, 0.0, 0.0, 0.0, 0.0, 0.0, 0.0, 0.0, 0.0, 0.0, 0.0, 0.0, 0.0, 0.0, 0.0, 0.0, 0.0, 0.0, 0.0, 0.0, 0.0, 0.0, 0.0]",1.0
1556703799824982268,,51474,,1556703799,813580162,"""base_footprint""",,,0,,1556703799,813580162,"""base_footprint""",2,,,,0.517008760767,0.0173667543677,1.1987971535,,0.495621782132,-0.512570895476,0.515591387516,0.475179594793,"[0.0, 0.0, 0.0, 0.0, 0.0, 0.0, 0.0, 0.0, 0.0, 0.0, 0.0, 0.0, 0.0, 0.0, 0.0, 0.0, 0.0, 0.0, 0.0, 0.0, 0.0, 0.0, 0.0, 0.0, 0.0, 0.0, 0.0, 0.0, 0.0, 0.0, 0.0, 0.0, 0.0, 0.0, 0.0, 0.0]",1.0
1556703799906518117,,51475,,1556703799,895083795,"""base_footprint""",,,0,,1556703799,895083795,"""base_footprint""",2,,,,0.511694419649,0.0190022594603,1.19878425299,,0.493720256461,-0.513960891096,0.514967114417,0.476333267632,"[0.0, 0.0, 0.0, 0.0, 0.0, 0.0, 0.0, 0.0, 0.0, 0.0, 0.0, 0.0, 0.0, 0.0, 0.0, 0.0, 0.0, 0.0, 0.0, 0.0, 0.0, 0.0, 0.0, 0.0, 0.0, 0.0, 0.0, 0.0, 0.0, 0.0, 0.0, 0.0, 0.0, 0.0, 0.0, 0.0]",1.0
1556703799984313665,,51476,,1556703799,974431751,"""base_footprint""",,,0,,1556703799,974431751,"""base_footprint""",2,,,,0.504879131474,0.01827108535,1.19894228648,,-0.487583799417,0.519122009694,-0.516052293561,-0.475882766979,"[0.0, 0.0, 0.0, 0.0, 0.0, 0.0, 0.0, 0.0, 0.0, 0.0, 0.0, 0.0, 0.0, 0.0, 0.0, 0.0, 0.0, 0.0, 0.0, 0.0, 0.0, 0.0, 0.0, 0.0, 0.0, 0.0, 0.0, 0.0, 0.0, 0.0, 0.0, 0.0, 0.0, 0.0, 0.0, 0.0]",1.0
1556703800066546861,,51477,,1556703800,56399788,"""base_footprint""",,,0,,1556703800,56399788,"""base_footprint""",2,,,,0.503149131385,0.0180658034175,1.19883393616,,0.494264233288,-0.511917271931,0.514574348653,0.478389813957,"[0.0, 0.0, 0.0, 0.0, 0.0, 0.0, 0.0, 0.0, 0.0, 0.0, 0.0, 0.0, 0.0, 0.0, 0.0, 0.0, 0.0, 0.0, 0.0, 0.0, 0.0, 0.0, 0.0, 0.0, 0.0, 0.0, 0.0, 0.0, 0.0, 0.0, 0.0, 0.0, 0.0, 0.0, 0.0, 0.0]",1.0
1556703800145814399,,51478,,1556703800,135901270,"""base_footprint""",,,0,,1556703800,135901270,"""base_footprint""",2,,,,0.50295153873,0.018502824593,1.19875565403,,-0.489416960836,0.51725330013,-0.516214360692,-0.475860059014,"[0.0, 0.0, 0.0, 0.0, 0.0, 0.0, 0.0, 0.0, 0.0, 0.0, 0.0, 0.0, 0.0, 0.0, 0.0, 0.0, 0.0, 0.0, 0.0, 0.0, 0.0, 0.0, 0.0, 0.0, 0.0, 0.0, 0.0, 0.0, 0.0, 0.0, 0.0, 0.0, 0.0, 0.0, 0.0, 0.0]",1.0
1556703800227951126,,51479,,1556703800,217646272,"""base_footprint""",,,0,,1556703800,217646272,"""base_footprint""",2,,,,0.502875289886,0.0181123452854,1.19852775496,,0.494426383545,-0.511348341616,0.517509948658,0.475656260151,"[0.0, 0.0, 0.0, 0.0, 0.0, 0.0, 0.0, 0.0, 0.0, 0.0, 0.0, 0.0, 0.0, 0.0, 0.0, 0.0, 0.0, 0.0, 0.0, 0.0, 0.0, 0.0, 0.0, 0.0, 0.0, 0.0, 0.0, 0.0, 0.0, 0.0, 0.0, 0.0, 0.0, 0.0, 0.0, 0.0]",1.0
1556703800302439744,,51480,,1556703800,297149910,"""base_footprint""",,,0,,1556703800,297149910,"""base_footprint""",2,,,,0.502106820238,0.0178187220901,1.19864431908,,0.494271494878,-0.511924098518,0.518531108354,0.474083216722,"[0.0, 0.0, 0.0, 0.0, 0.0, 0.0, 0.0, 0.0, 0.0, 0.0, 0.0, 0.0, 0.0, 0.0, 0.0, 0.0, 0.0, 0.0, 0.0, 0.0, 0.0, 0.0, 0.0, 0.0, 0.0, 0.0, 0.0, 0.0, 0.0, 0.0, 0.0, 0.0, 0.0, 0.0, 0.0, 0.0]",1.0
1556703800391334402,,51481,,1556703800,379292079,"""base_footprint""",,,0,,1556703800,379292079,"""base_footprint""",2,,,,0.500223300264,0.0177592661396,1.19866768936,,-0.490918462841,0.515887804763,-0.509465672256,-0.483015076919,"[0.0, 0.0, 0.0, 0.0, 0.0, 0.0, 0.0, 0.0, 0.0, 0.0, 0.0, 0.0, 0.0, 0.0, 0.0, 0.0, 0.0, 0.0, 0.0, 0.0, 0.0, 0.0, 0.0, 0.0, 0.0, 0.0, 0.0, 0.0, 0.0, 0.0, 0.0, 0.0, 0.0, 0.0, 0.0, 0.0]",1.0
1556703800467728448,,51482,,1556703800,458557423,"""base_footprint""",,,0,,1556703800,458557423,"""base_footprint""",2,,,,0.498157041453,0.018060599604,1.19850214862,,0.496662888629,-0.509473485203,0.516878849945,0.476024156334,"[0.0, 0.0, 0.0, 0.0, 0.0, 0.0, 0.0, 0.0, 0.0, 0.0, 0.0, 0.0, 0.0, 0.0, 0.0, 0.0, 0.0, 0.0, 0.0, 0.0, 0.0, 0.0, 0.0, 0.0, 0.0, 0.0, 0.0, 0.0, 0.0, 0.0, 0.0, 0.0, 0.0, 0.0, 0.0, 0.0]",1.0
1556703800551771459,,51483,,1556703800,540611618,"""base_footprint""",,,0,,1556703800,540611618,"""base_footprint""",2,,,,0.495796304042,0.0180225469086,1.19869009169,,-0.488260711579,0.518370812109,-0.5140074183,-0.478214964858,"[0.0, 0.0, 0.0, 0.0, 0.0, 0.0, 0.0, 0.0, 0.0, 0.0, 0.0, 0.0, 0.0, 0.0, 0.0, 0.0, 0.0, 0.0, 0.0, 0.0, 0.0, 0.0, 0.0, 0.0, 0.0, 0.0, 0.0, 0.0, 0.0, 0.0, 0.0, 0.0, 0.0, 0.0, 0.0, 0.0]",1.0
1556703800630531806,,51484,,1556703800,620744940,"""base_footprint""",,,0,,1556703800,620744940,"""base_footprint""",2,,,,0.492911239758,0.01462048717,1.19834176212,,0.488339370387,-0.517868917705,0.518697743815,0.473591695415,"[0.0, 0.0, 0.0, 0.0, 0.0, 0.0, 0.0, 0.0, 0.0, 0.0, 0.0, 0.0, 0.0, 0.0, 0.0, 0.0, 0.0, 0.0, 0.0, 0.0, 0.0, 0.0, 0.0, 0.0, 0.0, 0.0, 0.0, 0.0, 0.0, 0.0, 0.0, 0.0, 0.0, 0.0, 0.0, 0.0]",1.0
1556703800712638066,,51485,,1556703800,702145941,"""base_footprint""",,,0,,1556703800,702145941,"""base_footprint""",2,,,,0.489347666972,0.0120057266646,1.19844338711,,-0.489560087128,0.51682548046,-0.511618422983,-0.48111218349,"[0.0, 0.0, 0.0, 0.0, 0.0, 0.0, 0.0, 0.0, 0.0, 0.0, 0.0, 0.0, 0.0, 0.0, 0.0, 0.0, 0.0, 0.0, 0.0, 0.0, 0.0, 0.0, 0.0, 0.0, 0.0, 0.0, 0.0, 0.0, 0.0, 0.0, 0.0, 0.0, 0.0, 0.0, 0.0, 0.0]",1.0
1556703800790607844,,51486,,1556703800,781686870,"""base_footprint""",,,0,,1556703800,781686870,"""base_footprint""",2,,,,0.486877021926,0.0114850028938,1.19775093766,,-0.489678106521,0.517746673523,-0.513720130941,-0.477750312523,"[0.0, 0.0, 0.0, 0.0, 0.0, 0.0, 0.0, 0.0, 0.0, 0.0, 0.0, 0.0, 0.0, 0.0, 0.0, 0.0, 0.0, 0.0, 0.0, 0.0, 0.0, 0.0, 0.0, 0.0, 0.0, 0.0, 0.0, 0.0, 0.0, 0.0, 0.0, 0.0, 0.0, 0.0, 0.0, 0.0]",1.0
1556703800874062966,,51487,,1556703800,863648704,"""base_footprint""",,,0,,1556703800,863648704,"""base_footprint""",2,,,,0.484461480926,0.011551145763,1.19805745631,,-0.488440271825,0.518564639108,-0.507491224058,-0.484736498967,"[0.0, 0.0, 0.0, 0.0, 0.0, 0.0, 0.0, 0.0, 0.0, 0.0, 0.0, 0.0, 0.0, 0.0, 0.0, 0.0, 0.0, 0.0, 0.0, 0.0, 0.0, 0.0, 0.0, 0.0, 0.0, 0.0, 0.0, 0.0, 0.0, 0.0, 0.0, 0.0, 0.0, 0.0, 0.0, 0.0]",1.0
1556703800951415085,,51488,,1556703800,942850127,"""base_footprint""",,,0,,1556703800,942850127,"""base_footprint""",2,,,,0.480828177665,0.0092648162814,1.19680320227,,-0.483780519608,0.522649738504,-0.511729312915,-0.480548405464,"[0.0, 0.0, 0.0, 0.0, 0.0, 0.0, 0.0, 0.0, 0.0, 0.0, 0.0, 0.0, 0.0, 0.0, 0.0, 0.0, 0.0, 0.0, 0.0, 0.0, 0.0, 0.0, 0.0, 0.0, 0.0, 0.0, 0.0, 0.0, 0.0, 0.0, 0.0, 0.0, 0.0, 0.0, 0.0, 0.0]",1.0
1556703801035504893,,51489,,1556703801,24124144,"""base_footprint""",,,0,,1556703801,24124144,"""base_footprint""",2,,,,0.477790246728,0.00576626413087,1.19669607685,,-0.487210804884,0.519650538452,-0.506363467488,-0.485988670942,"[0.0, 0.0, 0.0, 0.0, 0.0, 0.0, 0.0, 0.0, 0.0, 0.0, 0.0, 0.0, 0.0, 0.0, 0.0, 0.0, 0.0, 0.0, 0.0, 0.0, 0.0, 0.0, 0.0, 0.0, 0.0, 0.0, 0.0, 0.0, 0.0, 0.0, 0.0, 0.0, 0.0, 0.0, 0.0, 0.0]",1.0
1556703801113827278,,51490,,1556703801,104071278,"""base_footprint""",,,0,,1556703801,104071278,"""base_footprint""",2,,,,0.470647217855,0.00330749499285,1.19632109432,,-0.488183978904,0.519870320718,-0.502982227981,-0.488282838847,"[0.0, 0.0, 0.0, 0.0, 0.0, 0.0, 0.0, 0.0, 0.0, 0.0, 0.0, 0.0, 0.0, 0.0, 0.0, 0.0, 0.0, 0.0, 0.0, 0.0, 0.0, 0.0, 0.0, 0.0, 0.0, 0.0, 0.0, 0.0, 0.0, 0.0, 0.0, 0.0, 0.0, 0.0, 0.0, 0.0]",1.0
1556703801195591864,,51491,,1556703801,185431934,"""base_footprint""",,,0,,1556703801,185431934,"""base_footprint""",2,,,,0.467044534527,0.00303419128303,1.19558821134,,-0.482737230066,0.525423681352,-0.507033289106,-0.483541069115,"[0.0, 0.0, 0.0, 0.0, 0.0, 0.0, 0.0, 0.0, 0.0, 0.0, 0.0, 0.0, 0.0, 0.0, 0.0, 0.0, 0.0, 0.0, 0.0, 0.0, 0.0, 0.0, 0.0, 0.0, 0.0, 0.0, 0.0, 0.0, 0.0, 0.0, 0.0, 0.0, 0.0, 0.0, 0.0, 0.0]",1.0
1556703801273615323,,51492,,1556703801,265001147,"""base_footprint""",,,0,,1556703801,265001147,"""base_footprint""",2,,,,0.464141581002,0.00206453376066,1.19543371841,,-0.480886446582,0.526244326691,-0.504694598921,-0.486927608521,"[0.0, 0.0, 0.0, 0.0, 0.0, 0.0, 0.0, 0.0, 0.0, 0.0, 0.0, 0.0, 0.0, 0.0, 0.0, 0.0, 0.0, 0.0, 0.0, 0.0, 0.0, 0.0, 0.0, 0.0, 0.0, 0.0, 0.0, 0.0, 0.0, 0.0, 0.0, 0.0, 0.0, 0.0, 0.0, 0.0]",1.0
1556703801356736142,,51493,,1556703801,346898415,"""base_footprint""",,,0,,1556703801,346898415,"""base_footprint""",2,,,,0.462224873091,0.000759118825287,1.19514902845,,-0.481581050621,0.526253668898,-0.502100717499,-0.488908618395,"[0.0, 0.0, 0.0, 0.0, 0.0, 0.0, 0.0, 0.0, 0.0, 0.0, 0.0, 0.0, 0.0, 0.0, 0.0, 0.0, 0.0, 0.0, 0.0, 0.0, 0.0, 0.0, 0.0, 0.0, 0.0, 0.0, 0.0, 0.0, 0.0, 0.0, 0.0, 0.0, 0.0, 0.0, 0.0, 0.0]",1.0
1556703801435259308,,51494,,1556703801,426243018,"""base_footprint""",,,0,,1556703801,426243018,"""base_footprint""",2,,,,0.459788458036,0.000815677111973,1.19519568003,,-0.481596931032,0.525952224712,-0.504796759264,-0.486434872493,"[0.0, 0.0, 0.0, 0.0, 0.0, 0.0, 0.0, 0.0, 0.0, 0.0, 0.0, 0.0, 0.0, 0.0, 0.0, 0.0, 0.0, 0.0, 0.0, 0.0, 0.0, 0.0, 0.0, 0.0, 0.0, 0.0, 0.0, 0.0, 0.0, 0.0, 0.0, 0.0, 0.0, 0.0, 0.0, 0.0]",1.0
1556703801517506187,,51495,,1556703801,507871433,"""base_footprint""",,,0,,1556703801,507871433,"""base_footprint""",2,,,,0.459876899475,0.000594075115694,1.19495757276,,-0.482125528119,0.52574384333,-0.506085535305,-0.484794613513,"[0.0, 0.0, 0.0, 0.0, 0.0, 0.0, 0.0, 0.0, 0.0, 0.0, 0.0, 0.0, 0.0, 0.0, 0.0, 0.0, 0.0, 0.0, 0.0, 0.0, 0.0, 0.0, 0.0, 0.0, 0.0, 0.0, 0.0, 0.0, 0.0, 0.0, 0.0, 0.0, 0.0, 0.0, 0.0, 0.0]",1.0
1556703801596601520,,51496,,1556703801,587696525,"""base_footprint""",,,0,,1556703801,587696525,"""base_footprint""",2,,,,0.458058131439,0.000569852546961,1.19489020843,,-0.482109895144,0.525763381493,-0.503750884873,-0.487214492471,"[0.0, 0.0, 0.0, 0.0, 0.0, 0.0, 0.0, 0.0, 0.0, 0.0, 0.0, 0.0, 0.0, 0.0, 0.0, 0.0, 0.0, 0.0, 0.0, 0.0, 0.0, 0.0, 0.0, 0.0, 0.0, 0.0, 0.0, 0.0, 0.0, 0.0, 0.0, 0.0, 0.0, 0.0, 0.0, 0.0]",1.0
1556703801681793140,,51497,,1556703801,669023597,"""base_footprint""",,,0,,1556703801,669023597,"""base_footprint""",2,,,,0.456699354616,0.000475555290905,1.19453599511,,-0.479518914694,0.528799731718,-0.50588784096,-0.484262270422,"[0.0, 0.0, 0.0, 0.0, 0.0, 0.0, 0.0, 0.0, 0.0, 0.0, 0.0, 0.0, 0.0, 0.0, 0.0, 0.0, 0.0, 0.0, 0.0, 0.0, 0.0, 0.0, 0.0, 0.0, 0.0, 0.0, 0.0, 0.0, 0.0, 0.0, 0.0, 0.0, 0.0, 0.0, 0.0, 0.0]",1.0
1556703801760780731,,51498,,1556703801,748401611,"""base_footprint""",,,0,,1556703801,748401611,"""base_footprint""",2,,,,0.453750855387,-0.000535000805873,1.19429118373,,-0.481842527203,0.526042608344,-0.503883681456,-0.487040233192,"[0.0, 0.0, 0.0, 0.0, 0.0, 0.0, 0.0, 0.0, 0.0, 0.0, 0.0, 0.0, 0.0, 0.0, 0.0, 0.0, 0.0, 0.0, 0.0, 0.0, 0.0, 0.0, 0.0, 0.0, 0.0, 0.0, 0.0, 0.0, 0.0, 0.0, 0.0, 0.0, 0.0, 0.0, 0.0, 0.0]",1.0
1556703801840075875,,51499,,1556703801,829822224,"""base_footprint""",,,0,,1556703801,829822224,"""base_footprint""",2,,,,0.451197009009,-0.00127534740431,1.19435155893,,-0.481370434986,0.526266063258,-0.501810403471,-0.489400504651,"[0.0, 0.0, 0.0, 0.0, 0.0, 0.0, 0.0, 0.0, 0.0, 0.0, 0.0, 0.0, 0.0, 0.0, 0.0, 0.0, 0.0, 0.0, 0.0, 0.0, 0.0, 0.0, 0.0, 0.0, 0.0, 0.0, 0.0, 0.0, 0.0, 0.0, 0.0, 0.0, 0.0, 0.0, 0.0, 0.0]",1.0
1556703801918660713,,51500,,1556703801,909806773,"""base_footprint""",,,0,,1556703801,909806773,"""base_footprint""",2,,,,0.448566216836,-0.00171667659621,1.19346240477,,-0.479993798686,0.528841375613,-0.505036169269,-0.484635141517,"[0.0, 0.0, 0.0, 0.0, 0.0, 0.0, 0.0, 0.0, 0.0, 0.0, 0.0, 0.0, 0.0, 0.0, 0.0, 0.0, 0.0, 0.0, 0.0, 0.0, 0.0, 0.0, 0.0, 0.0, 0.0, 0.0, 0.0, 0.0, 0.0, 0.0, 0.0, 0.0, 0.0, 0.0, 0.0, 0.0]",1.0
1556703802000708944,,51501,,1556703801,991037290,"""base_footprint""",,,0,,1556703801,991037290,"""base_footprint""",2,,,,0.445036432344,-0.00298972552317,1.19307193883,,-0.478655707083,0.5292148127,-0.502036634487,-0.488650809607,"[0.0, 0.0, 0.0, 0.0, 0.0, 0.0, 0.0, 0.0, 0.0, 0.0, 0.0, 0.0, 0.0, 0.0, 0.0, 0.0, 0.0, 0.0, 0.0, 0.0, 0.0, 0.0, 0.0, 0.0, 0.0, 0.0, 0.0, 0.0, 0.0, 0.0, 0.0, 0.0, 0.0, 0.0, 0.0, 0.0]",1.0
1556703802079783778,,51502,,1556703802,70402514,"""base_footprint""",,,0,,1556703802,70402514,"""base_footprint""",2,,,,0.442984655562,-0.00319864799742,1.19266324781,,-0.479016779302,0.529386837696,-0.502100499206,-0.488044659757,"[0.0, 0.0, 0.0, 0.0, 0.0, 0.0, 0.0, 0.0, 0.0, 0.0, 0.0, 0.0, 0.0, 0.0, 0.0, 0.0, 0.0, 0.0, 0.0, 0.0, 0.0, 0.0, 0.0, 0.0, 0.0, 0.0, 0.0, 0.0, 0.0, 0.0, 0.0, 0.0, 0.0, 0.0, 0.0, 0.0]",1.0
1556703802162223054,,51503,,1556703802,151785654,"""base_footprint""",,,0,,1556703802,151785654,"""base_footprint""",2,,,,0.441414612908,-0.00338273103574,1.19268553099,,-0.482633571592,0.526221800029,-0.50192450387,-0.488085284721,"[0.0, 0.0, 0.0, 0.0, 0.0, 0.0, 0.0, 0.0, 0.0, 0.0, 0.0, 0.0, 0.0, 0.0, 0.0, 0.0, 0.0, 0.0, 0.0, 0.0, 0.0, 0.0, 0.0, 0.0, 0.0, 0.0, 0.0, 0.0, 0.0, 0.0, 0.0, 0.0, 0.0, 0.0, 0.0, 0.0]",1.0
1556703802242132940,,51504,,1556703802,232315861,"""base_footprint""",,,0,,1556703802,232315861,"""base_footprint""",2,,,,0.437468064827,-0.0046836588824,1.19214784831,,-0.478583768293,0.530680990208,-0.50266519721,-0.486480177265,"[0.0, 0.0, 0.0, 0.0, 0.0, 0.0, 0.0, 0.0, 0.0, 0.0, 0.0, 0.0, 0.0, 0.0, 0.0, 0.0, 0.0, 0.0, 0.0, 0.0, 0.0, 0.0, 0.0, 0.0, 0.0, 0.0, 0.0, 0.0, 0.0, 0.0, 0.0, 0.0, 0.0, 0.0, 0.0, 0.0]",1.0
1556703802323942010,,51505,,1556703802,313731128,"""base_footprint""",,,0,,1556703802,313731128,"""base_footprint""",2,,,,0.436840736547,-0.00371831405711,1.19214326854,,-0.480791390126,0.528987125201,-0.504014354848,-0.484749203877,"[0.0, 0.0, 0.0, 0.0, 0.0, 0.0, 0.0, 0.0, 0.0, 0.0, 0.0, 0.0, 0.0, 0.0, 0.0, 0.0, 0.0, 0.0, 0.0, 0.0, 0.0, 0.0, 0.0, 0.0, 0.0, 0.0, 0.0, 0.0, 0.0, 0.0, 0.0, 0.0, 0.0, 0.0, 0.0, 0.0]",1.0
1556703802402132292,,51506,,1556703802,393683457,"""base_footprint""",,,0,,1556703802,393683457,"""base_footprint""",2,,,,0.436173246369,-0.00307177462482,1.19206250742,,-0.477830585825,0.530871463716,-0.505700986932,-0.483859413546,"[0.0, 0.0, 0.0, 0.0, 0.0, 0.0, 0.0, 0.0, 0.0, 0.0, 0.0, 0.0, 0.0, 0.0, 0.0, 0.0, 0.0, 0.0, 0.0, 0.0, 0.0, 0.0, 0.0, 0.0, 0.0, 0.0, 0.0, 0.0, 0.0, 0.0, 0.0, 0.0, 0.0, 0.0, 0.0, 0.0]",1.0
1556703802484241013,,51507,,1556703802,475165186,"""base_footprint""",,,0,,1556703802,475165186,"""base_footprint""",2,,,,0.435672161768,-0.00294340177004,1.19194516182,,-0.476765076717,0.531758920648,-0.504724594974,-0.484954219656,"[0.0, 0.0, 0.0, 0.0, 0.0, 0.0, 0.0, 0.0, 0.0, 0.0, 0.0, 0.0, 0.0, 0.0, 0.0, 0.0, 0.0, 0.0, 0.0, 0.0, 0.0, 0.0, 0.0, 0.0, 0.0, 0.0, 0.0, 0.0, 0.0, 0.0, 0.0, 0.0, 0.0, 0.0, 0.0, 0.0]",1.0
1556703802565282788,,51508,,1556703802,555144583,"""base_footprint""",,,0,,1556703802,555144583,"""base_footprint""",2,,,,0.435990710277,-0.0028132935273,1.19205491263,,-0.476649438134,0.531525243758,-0.504719401334,-0.485329325604,"[0.0, 0.0, 0.0, 0.0, 0.0, 0.0, 0.0, 0.0, 0.0, 0.0, 0.0, 0.0, 0.0, 0.0, 0.0, 0.0, 0.0, 0.0, 0.0, 0.0, 0.0, 0.0, 0.0, 0.0, 0.0, 0.0, 0.0, 0.0, 0.0, 0.0, 0.0, 0.0, 0.0, 0.0, 0.0, 0.0]",1.0
1556703802647248693,,51509,,1556703802,636692789,"""base_footprint""",,,0,,1556703802,636692789,"""base_footprint""",2,,,,0.434983369168,-0.00278980738497,1.19196121351,,-0.4773012353,0.531402494901,-0.503478325517,-0.486111607482,"[0.0, 0.0, 0.0, 0.0, 0.0, 0.0, 0.0, 0.0, 0.0, 0.0, 0.0, 0.0, 0.0, 0.0, 0.0, 0.0, 0.0, 0.0, 0.0, 0.0, 0.0, 0.0, 0.0, 0.0, 0.0, 0.0, 0.0, 0.0, 0.0, 0.0, 0.0, 0.0, 0.0, 0.0, 0.0, 0.0]",1.0
1556703802726211076,,51510,,1556703802,716399206,"""base_footprint""",,,0,,1556703802,716399206,"""base_footprint""",2,,,,0.433633745988,-0.00168454696537,1.19181780734,,-0.482331385921,0.527221738095,-0.502370653548,-0.486844327778,"[0.0, 0.0, 0.0, 0.0, 0.0, 0.0, 0.0, 0.0, 0.0, 0.0, 0.0, 0.0, 0.0, 0.0, 0.0, 0.0, 0.0, 0.0, 0.0, 0.0, 0.0, 0.0, 0.0, 0.0, 0.0, 0.0, 0.0, 0.0, 0.0, 0.0, 0.0, 0.0, 0.0, 0.0, 0.0, 0.0]",1.0
1556703802807352826,,51511,,1556703802,797843689,"""base_footprint""",,,0,,1556703802,797843689,"""base_footprint""",2,,,,0.430587176336,-0.0006757807325,1.19165148874,,-0.480931851908,0.527441531866,-0.504643052361,-0.485639139678,"[0.0, 0.0, 0.0, 0.0, 0.0, 0.0, 0.0, 0.0, 0.0, 0.0, 0.0, 0.0, 0.0, 0.0, 0.0, 0.0, 0.0, 0.0, 0.0, 0.0, 0.0, 0.0, 0.0, 0.0, 0.0, 0.0, 0.0, 0.0, 0.0, 0.0, 0.0, 0.0, 0.0, 0.0, 0.0, 0.0]",1.0
1556703802886538405,,51512,,1556703802,877503829,"""base_footprint""",,,0,,1556703802,877503829,"""base_footprint""",2,,,,0.430039100754,-0.000759641535621,1.19132048021,,-0.478066732311,0.530392887647,-0.507303555753,-0.482471435954,"[0.0, 0.0, 0.0, 0.0, 0.0, 0.0, 0.0, 0.0, 0.0, 0.0, 0.0, 0.0, 0.0, 0.0, 0.0, 0.0, 0.0, 0.0, 0.0, 0.0, 0.0, 0.0, 0.0, 0.0, 0.0, 0.0, 0.0, 0.0, 0.0, 0.0, 0.0, 0.0, 0.0, 0.0, 0.0, 0.0]",1.0
1556703802968799909,,51513,,1556703802,959155475,"""base_footprint""",,,0,,1556703802,959155475,"""base_footprint""",2,,,,0.4301404455,-0.000739703597666,1.19128676407,,-0.478254747631,0.530184957304,-0.506624762853,-0.483226300072,"[0.0, 0.0, 0.0, 0.0, 0.0, 0.0, 0.0, 0.0, 0.0, 0.0, 0.0, 0.0, 0.0, 0.0, 0.0, 0.0, 0.0, 0.0, 0.0, 0.0, 0.0, 0.0, 0.0, 0.0, 0.0, 0.0, 0.0, 0.0, 0.0, 0.0, 0.0, 0.0, 0.0, 0.0, 0.0, 0.0]",1.0
1556703803049122287,,51514,,1556703803,39105959,"""base_footprint""",,,0,,1556703803,39105959,"""base_footprint""",2,,,,0.429939005674,-0.000763866598549,1.19138708321,,-0.479465595239,0.529474140434,-0.506799059452,-0.482622617511,"[0.0, 0.0, 0.0, 0.0, 0.0, 0.0, 0.0, 0.0, 0.0, 0.0, 0.0, 0.0, 0.0, 0.0, 0.0, 0.0, 0.0, 0.0, 0.0, 0.0, 0.0, 0.0, 0.0, 0.0, 0.0, 0.0, 0.0, 0.0, 0.0, 0.0, 0.0, 0.0, 0.0, 0.0, 0.0, 0.0]",1.0
1556703803131021504,,51515,,1556703803,120958271,"""base_footprint""",,,0,,1556703803,120958271,"""base_footprint""",2,,,,0.429980146102,-0.00067973680094,1.19154621466,,-0.478954611449,0.529821026061,-0.507307913595,-0.482214517948,"[0.0, 0.0, 0.0, 0.0, 0.0, 0.0, 0.0, 0.0, 0.0, 0.0, 0.0, 0.0, 0.0, 0.0, 0.0, 0.0, 0.0, 0.0, 0.0, 0.0, 0.0, 0.0, 0.0, 0.0, 0.0, 0.0, 0.0, 0.0, 0.0, 0.0, 0.0, 0.0, 0.0, 0.0, 0.0, 0.0]",1.0
1556703803209106721,,51516,,1556703803,200537837,"""base_footprint""",,,0,,1556703803,200537837,"""base_footprint""",2,,,,0.430132173428,-0.000593567022882,1.1913071367,,-0.47863115874,0.529852024954,-0.506392223208,-0.483462471977,"[0.0, 0.0, 0.0, 0.0, 0.0, 0.0, 0.0, 0.0, 0.0, 0.0, 0.0, 0.0, 0.0, 0.0, 0.0, 0.0, 0.0, 0.0, 0.0, 0.0, 0.0, 0.0, 0.0, 0.0, 0.0, 0.0, 0.0, 0.0, 0.0, 0.0, 0.0, 0.0, 0.0, 0.0, 0.0, 0.0]",1.0
1556703803293024727,,51517,,1556703803,282419464,"""base_footprint""",,,0,,1556703803,282419464,"""base_footprint""",2,,,,0.430330733796,-0.000592089049538,1.19149729373,,-0.478228690855,0.530000986418,-0.505693248812,-0.484428128564,"[0.0, 0.0, 0.0, 0.0, 0.0, 0.0, 0.0, 0.0, 0.0, 0.0, 0.0, 0.0, 0.0, 0.0, 0.0, 0.0, 0.0, 0.0, 0.0, 0.0, 0.0, 0.0, 0.0, 0.0, 0.0, 0.0, 0.0, 0.0, 0.0, 0.0, 0.0, 0.0, 0.0, 0.0, 0.0, 0.0]",1.0
1556703803370446232,,51518,,1556703803,361610234,"""base_footprint""",,,0,,1556703803,361610234,"""base_footprint""",2,,,,0.43059692288,-0.0006134949894,1.19148003469,,-0.478759213407,0.529223048673,-0.504524933378,-0.485970340587,"[0.0, 0.0, 0.0, 0.0, 0.0, 0.0, 0.0, 0.0, 0.0, 0.0, 0.0, 0.0, 0.0, 0.0, 0.0, 0.0, 0.0, 0.0, 0.0, 0.0, 0.0, 0.0, 0.0, 0.0, 0.0, 0.0, 0.0, 0.0, 0.0, 0.0, 0.0, 0.0, 0.0, 0.0, 0.0, 0.0]",1.0
1556703803454585561,,51519,,1556703803,443529419,"""base_footprint""",,,0,,1556703803,443529419,"""base_footprint""",2,,,,0.430744724514,-0.000612593065406,1.19150115334,,-0.479172233105,0.528827959417,-0.503836089074,-0.486707464198,"[0.0, 0.0, 0.0, 0.0, 0.0, 0.0, 0.0, 0.0, 0.0, 0.0, 0.0, 0.0, 0.0, 0.0, 0.0, 0.0, 0.0, 0.0, 0.0, 0.0, 0.0, 0.0, 0.0, 0.0, 0.0, 0.0, 0.0, 0.0, 0.0, 0.0, 0.0, 0.0, 0.0, 0.0, 0.0, 0.0]",1.0
1556703803531285831,,51520,,1556703803,523078295,"""base_footprint""",,,0,,1556703803,523078295,"""base_footprint""",2,,,,0.430789225725,-0.000533180767129,1.19190728876,,-0.479350576802,0.528488906166,-0.503602849588,-0.487141324942,"[0.0, 0.0, 0.0, 0.0, 0.0, 0.0, 0.0, 0.0, 0.0, 0.0, 0.0, 0.0, 0.0, 0.0, 0.0, 0.0, 0.0, 0.0, 0.0, 0.0, 0.0, 0.0, 0.0, 0.0, 0.0, 0.0, 0.0, 0.0, 0.0, 0.0, 0.0, 0.0, 0.0, 0.0, 0.0, 0.0]",1.0
1556703803614343475,,51521,,1556703803,604874872,"""base_footprint""",,,0,,1556703803,604874872,"""base_footprint""",2,,,,0.430797305142,-0.00053417900152,1.19170127009,,-0.479150506665,0.528646130519,-0.503423169089,-0.487353232752,"[0.0, 0.0, 0.0, 0.0, 0.0, 0.0, 0.0, 0.0, 0.0, 0.0, 0.0, 0.0, 0.0, 0.0, 0.0, 0.0, 0.0, 0.0, 0.0, 0.0, 0.0, 0.0, 0.0, 0.0, 0.0, 0.0, 0.0, 0.0, 0.0, 0.0, 0.0, 0.0, 0.0, 0.0, 0.0, 0.0]",1.0
1556703803694872760,,51522,,1556703803,684921104,"""base_footprint""",,,0,,1556703803,684921104,"""base_footprint""",2,,,,0.430795777957,-0.000530534410753,1.19159935044,,-0.479159242662,0.528654752354,-0.503669684527,-0.487080508616,"[0.0, 0.0, 0.0, 0.0, 0.0, 0.0, 0.0, 0.0, 0.0, 0.0, 0.0, 0.0, 0.0, 0.0, 0.0, 0.0, 0.0, 0.0, 0.0, 0.0, 0.0, 0.0, 0.0, 0.0, 0.0, 0.0, 0.0, 0.0, 0.0, 0.0, 0.0, 0.0, 0.0, 0.0, 0.0, 0.0]",1.0
1556703803775307635,,51523,,1556703803,766484626,"""base_footprint""",,,0,,1556703803,766484626,"""base_footprint""",2,,,,0.430818172671,-0.000556965702156,1.19151476938,,-0.479434253546,0.528403296298,-0.503744057506,-0.487005829036,"[0.0, 0.0, 0.0, 0.0, 0.0, 0.0, 0.0, 0.0, 0.0, 0.0, 0.0, 0.0, 0.0, 0.0, 0.0, 0.0, 0.0, 0.0, 0.0, 0.0, 0.0, 0.0, 0.0, 0.0, 0.0, 0.0, 0.0, 0.0, 0.0, 0.0, 0.0, 0.0, 0.0, 0.0, 0.0, 0.0]",1.0
1556703803858058955,,51524,,1556703803,846431564,"""base_footprint""",,,0,,1556703803,846431564,"""base_footprint""",2,,,,0.430901640842,-0.000597399840105,1.19146046252,,-0.479871785933,0.528195341389,-0.504076439392,-0.486456260777,"[0.0, 0.0, 0.0, 0.0, 0.0, 0.0, 0.0, 0.0, 0.0, 0.0, 0.0, 0.0, 0.0, 0.0, 0.0, 0.0, 0.0, 0.0, 0.0, 0.0, 0.0, 0.0, 0.0, 0.0, 0.0, 0.0, 0.0, 0.0, 0.0, 0.0, 0.0, 0.0, 0.0, 0.0, 0.0, 0.0]",1.0
1556703803937641626,,51525,,1556703803,927730389,"""base_footprint""",,,0,,1556703803,927730389,"""base_footprint""",2,,,,0.430748942836,-0.000413837811453,1.19148459271,,-0.478332243523,0.529661267552,-0.504871483696,-0.485553283803,"[0.0, 0.0, 0.0, 0.0, 0.0, 0.0, 0.0, 0.0, 0.0, 0.0, 0.0, 0.0, 0.0, 0.0, 0.0, 0.0, 0.0, 0.0, 0.0, 0.0, 0.0, 0.0, 0.0, 0.0, 0.0, 0.0, 0.0, 0.0, 0.0, 0.0, 0.0, 0.0, 0.0, 0.0, 0.0, 0.0]",1.0
1556703804018632174,,51526,,1556703804,10256291,"""base_footprint""",,,0,,1556703804,10256291,"""base_footprint""",2,,,,0.430698126802,-0.000408399678916,1.19144053909,,-0.478152086999,0.529594255299,-0.504801713814,-0.485876256039,"[0.0, 0.0, 0.0, 0.0, 0.0, 0.0, 0.0, 0.0, 0.0, 0.0, 0.0, 0.0, 0.0, 0.0, 0.0, 0.0, 0.0, 0.0, 0.0, 0.0, 0.0, 0.0, 0.0, 0.0, 0.0, 0.0, 0.0, 0.0, 0.0, 0.0, 0.0, 0.0, 0.0, 0.0, 0.0, 0.0]",1.0
1556703804100991437,,51527,,1556703804,91613503,"""base_footprint""",,,0,,1556703804,91613503,"""base_footprint""",2,,,,0.430845676889,-0.000499806094536,1.19148875701,,-0.478810245975,0.529170413234,-0.504952559331,-0.485533042059,"[0.0, 0.0, 0.0, 0.0, 0.0, 0.0, 0.0, 0.0, 0.0, 0.0, 0.0, 0.0, 0.0, 0.0, 0.0, 0.0, 0.0, 0.0, 0.0, 0.0, 0.0, 0.0, 0.0, 0.0, 0.0, 0.0, 0.0, 0.0, 0.0, 0.0, 0.0, 0.0, 0.0, 0.0, 0.0, 0.0]",1.0
1556703804180577425,,51528,,1556703804,171707356,"""base_footprint""",,,0,,1556703804,171707356,"""base_footprint""",2,,,,0.430958701315,-0.000540394728059,1.1914244791,,-0.479059431565,0.529130436631,-0.505871905126,-0.484372436936,"[0.0, 0.0, 0.0, 0.0, 0.0, 0.0, 0.0, 0.0, 0.0, 0.0, 0.0, 0.0, 0.0, 0.0, 0.0, 0.0, 0.0, 0.0, 0.0, 0.0, 0.0, 0.0, 0.0, 0.0, 0.0, 0.0, 0.0, 0.0, 0.0, 0.0, 0.0, 0.0, 0.0, 0.0, 0.0, 0.0]",1.0
1556703804261905085,,51529,,1556703804,253164898,"""base_footprint""",,,0,,1556703804,253164898,"""base_footprint""",2,,,,0.431228887152,-0.000679469294829,1.19131459565,,-0.480491465462,0.528370765964,-0.506741817821,-0.482871634458,"[0.0, 0.0, 0.0, 0.0, 0.0, 0.0, 0.0, 0.0, 0.0, 0.0, 0.0, 0.0, 0.0, 0.0, 0.0, 0.0, 0.0, 0.0, 0.0, 0.0, 0.0, 0.0, 0.0, 0.0, 0.0, 0.0, 0.0, 0.0, 0.0, 0.0, 0.0, 0.0, 0.0, 0.0, 0.0, 0.0]",1.0
1556703804343717674,,51530,,1556703804,333661372,"""base_footprint""",,,0,,1556703804,333661372,"""base_footprint""",2,,,,0.431719517257,-0.000458015274968,1.19130899255,,-0.480491775582,0.527982978977,-0.506662871616,-0.483378073597,"[0.0, 0.0, 0.0, 0.0, 0.0, 0.0, 0.0, 0.0, 0.0, 0.0, 0.0, 0.0, 0.0, 0.0, 0.0, 0.0, 0.0, 0.0, 0.0, 0.0, 0.0, 0.0, 0.0, 0.0, 0.0, 0.0, 0.0, 0.0, 0.0, 0.0, 0.0, 0.0, 0.0, 0.0, 0.0, 0.0]",1.0
1556703804424726248,,51531,,1556703804,415177954,"""base_footprint""",,,0,,1556703804,415177954,"""base_footprint""",2,,,,0.431972812632,-0.000420254724005,1.19138836026,,-0.480775226036,0.527730824517,-0.505491370419,-0.484596567587,"[0.0, 0.0, 0.0, 0.0, 0.0, 0.0, 0.0, 0.0, 0.0, 0.0, 0.0, 0.0, 0.0, 0.0, 0.0, 0.0, 0.0, 0.0, 0.0, 0.0, 0.0, 0.0, 0.0, 0.0, 0.0, 0.0, 0.0, 0.0, 0.0, 0.0, 0.0, 0.0, 0.0, 0.0, 0.0, 0.0]",1.0
1556703804503898568,,51532,,1556703804,495319904,"""base_footprint""",,,0,,1556703804,495319904,"""base_footprint""",2,,,,0.434718860297,-0.000933599375629,1.19171205894,,-0.475718564658,0.531692648956,-0.507271565837,-0.483394593246,"[0.0, 0.0, 0.0, 0.0, 0.0, 0.0, 0.0, 0.0, 0.0, 0.0, 0.0, 0.0, 0.0, 0.0, 0.0, 0.0, 0.0, 0.0, 0.0, 0.0, 0.0, 0.0, 0.0, 0.0, 0.0, 0.0, 0.0, 0.0, 0.0, 0.0, 0.0, 0.0, 0.0, 0.0, 0.0, 0.0]",1.0
1556703804587318218,,51533,,1556703804,577161901,"""base_footprint""",,,0,,1556703804,577161901,"""base_footprint""",2,,,,0.437961185201,-0.00172156221053,1.19169458586,,-0.476252649093,0.531332641457,-0.506479495905,-0.484094576072,"[0.0, 0.0, 0.0, 0.0, 0.0, 0.0, 0.0, 0.0, 0.0, 0.0, 0.0, 0.0, 0.0, 0.0, 0.0, 0.0, 0.0, 0.0, 0.0, 0.0, 0.0, 0.0, 0.0, 0.0, 0.0, 0.0, 0.0, 0.0, 0.0, 0.0, 0.0, 0.0, 0.0, 0.0, 0.0, 0.0]",1.0
1556703804665512021,,51534,,1556703804,656659533,"""base_footprint""",,,0,,1556703804,656659533,"""base_footprint""",2,,,,0.441656724133,-0.00155477670658,1.19209031793,,-0.478672949629,0.529705712955,-0.504659944723,-0.485388921535,"[0.0, 0.0, 0.0, 0.0, 0.0, 0.0, 0.0, 0.0, 0.0, 0.0, 0.0, 0.0, 0.0, 0.0, 0.0, 0.0, 0.0, 0.0, 0.0, 0.0, 0.0, 0.0, 0.0, 0.0, 0.0, 0.0, 0.0, 0.0, 0.0, 0.0, 0.0, 0.0, 0.0, 0.0, 0.0, 0.0]",1.0
1556703804748326220,,51535,,1556703804,738277284,"""base_footprint""",,,0,,1556703804,738277284,"""base_footprint""",2,,,,0.445894570199,-0.00235332099567,1.1920154934,,-0.477308429538,0.5307731764,-0.505641867917,-0.484543908965,"[0.0, 0.0, 0.0, 0.0, 0.0, 0.0, 0.0, 0.0, 0.0, 0.0, 0.0, 0.0, 0.0, 0.0, 0.0, 0.0, 0.0, 0.0, 0.0, 0.0, 0.0, 0.0, 0.0, 0.0, 0.0, 0.0, 0.0, 0.0, 0.0, 0.0, 0.0, 0.0, 0.0, 0.0, 0.0, 0.0]",1.0
1556703804826618945,,51536,,1556703804,817474483,"""base_footprint""",,,0,,1556703804,817474483,"""base_footprint""",2,,,,0.449000919982,-0.00248657159864,1.19209606107,,-0.478443603496,0.530337794977,-0.507250642441,-0.482213984904,"[0.0, 0.0, 0.0, 0.0, 0.0, 0.0, 0.0, 0.0, 0.0, 0.0, 0.0, 0.0, 0.0, 0.0, 0.0, 0.0, 0.0, 0.0, 0.0, 0.0, 0.0, 0.0, 0.0, 0.0, 0.0, 0.0, 0.0, 0.0, 0.0, 0.0, 0.0, 0.0, 0.0, 0.0, 0.0, 0.0]",1.0
1556703804912298392,,51537,,1556703804,899725892,"""base_footprint""",,,0,,1556703804,899725892,"""base_footprint""",2,,,,0.451284130986,-0.00107013325784,1.1922128574,,-0.479702907563,0.528476904465,-0.502821967951,-0.487613935885,"[0.0, 0.0, 0.0, 0.0, 0.0, 0.0, 0.0, 0.0, 0.0, 0.0, 0.0, 0.0, 0.0, 0.0, 0.0, 0.0, 0.0, 0.0, 0.0, 0.0, 0.0, 0.0, 0.0, 0.0, 0.0, 0.0, 0.0, 0.0, 0.0, 0.0, 0.0, 0.0, 0.0, 0.0, 0.0, 0.0]",1.0
1556703804988740635,,51538,,1556703804,979057800,"""base_footprint""",,,0,,1556703804,979057800,"""base_footprint""",2,,,,0.451392893494,-0.00113254018713,1.19224660299,,-0.478914849407,0.528297567474,-0.502927051253,-0.488473774461,"[0.0, 0.0, 0.0, 0.0, 0.0, 0.0, 0.0, 0.0, 0.0, 0.0, 0.0, 0.0, 0.0, 0.0, 0.0, 0.0, 0.0, 0.0, 0.0, 0.0, 0.0, 0.0, 0.0, 0.0, 0.0, 0.0, 0.0, 0.0, 0.0, 0.0, 0.0, 0.0, 0.0, 0.0, 0.0, 0.0]",1.0
1556703805071655973,,51539,,1556703805,60619796,"""base_footprint""",,,0,,1556703805,60619796,"""base_footprint""",2,,,,0.450918625723,-0.00148429824166,1.1922000595,,-0.48041645986,0.528024250749,-0.50620611854,-0.483886124279,"[0.0, 0.0, 0.0, 0.0, 0.0, 0.0, 0.0, 0.0, 0.0, 0.0, 0.0, 0.0, 0.0, 0.0, 0.0, 0.0, 0.0, 0.0, 0.0, 0.0, 0.0, 0.0, 0.0, 0.0, 0.0, 0.0, 0.0, 0.0, 0.0, 0.0, 0.0, 0.0, 0.0, 0.0, 0.0, 0.0]",1.0
1556703805150420171,,51540,,1556703805,140727051,"""base_footprint""",,,0,,1556703805,140727051,"""base_footprint""",2,,,,0.451019011974,-0.00151584078467,1.19225663297,,-0.47950363031,0.528646042738,-0.505423563972,-0.484929531993,"[0.0, 0.0, 0.0, 0.0, 0.0, 0.0, 0.0, 0.0, 0.0, 0.0, 0.0, 0.0, 0.0, 0.0, 0.0, 0.0, 0.0, 0.0, 0.0, 0.0, 0.0, 0.0, 0.0, 0.0, 0.0, 0.0, 0.0, 0.0, 0.0, 0.0, 0.0, 0.0, 0.0, 0.0, 0.0, 0.0]",1.0
1556703805233676517,,51541,,1556703805,222576635,"""base_footprint""",,,0,,1556703805,222576635,"""base_footprint""",2,,,,0.450931716896,-0.00157193781894,1.19248670445,,-0.480451488709,0.528084874395,-0.506049004787,-0.483949519255,"[0.0, 0.0, 0.0, 0.0, 0.0, 0.0, 0.0, 0.0, 0.0, 0.0, 0.0, 0.0, 0.0, 0.0, 0.0, 0.0, 0.0, 0.0, 0.0, 0.0, 0.0, 0.0, 0.0, 0.0, 0.0, 0.0, 0.0, 0.0, 0.0, 0.0, 0.0, 0.0, 0.0, 0.0, 0.0, 0.0]",1.0
1556703805313763453,,51542,,1556703805,302522225,"""base_footprint""",,,0,,1556703805,302522225,"""base_footprint""",2,,,,0.451128760064,-0.00146781930564,1.19229566489,,-0.479369607804,0.528749759202,-0.504897222867,-0.485496926456,"[0.0, 0.0, 0.0, 0.0, 0.0, 0.0, 0.0, 0.0, 0.0, 0.0, 0.0, 0.0, 0.0, 0.0, 0.0, 0.0, 0.0, 0.0, 0.0, 0.0, 0.0, 0.0, 0.0, 0.0, 0.0, 0.0, 0.0, 0.0, 0.0, 0.0, 0.0, 0.0, 0.0, 0.0, 0.0, 0.0]",1.0
1556703805394307780,,51543,,1556703805,384107690,"""base_footprint""",,,0,,1556703805,384107690,"""base_footprint""",2,,,,0.451049299414,-0.00152662282227,1.19237001056,,-0.479479351923,0.52875972415,-0.505527098001,-0.484721629787,"[0.0, 0.0, 0.0, 0.0, 0.0, 0.0, 0.0, 0.0, 0.0, 0.0, 0.0, 0.0, 0.0, 0.0, 0.0, 0.0, 0.0, 0.0, 0.0, 0.0, 0.0, 0.0, 0.0, 0.0, 0.0, 0.0, 0.0, 0.0, 0.0, 0.0, 0.0, 0.0, 0.0, 0.0, 0.0, 0.0]",1.0
1556703805474429545,,51544,,1556703805,463744170,"""base_footprint""",,,0,,1556703805,463744170,"""base_footprint""",2,,,,0.451096832118,-0.00151383144592,1.19226599803,,-0.479274926074,0.528846668611,-0.505593397226,-0.4847597993,"[0.0, 0.0, 0.0, 0.0, 0.0, 0.0, 0.0, 0.0, 0.0, 0.0, 0.0, 0.0, 0.0, 0.0, 0.0, 0.0, 0.0, 0.0, 0.0, 0.0, 0.0, 0.0, 0.0, 0.0, 0.0, 0.0, 0.0, 0.0, 0.0, 0.0, 0.0, 0.0, 0.0, 0.0, 0.0, 0.0]",1.0
1556703805556780893,,51545,,1556703805,545351499,"""base_footprint""",,,0,,1556703805,545351499,"""base_footprint""",2,,,,0.451065989122,-0.00151549232749,1.19228126127,,-0.479433484846,0.528842510323,-0.505580361467,-0.484621121065,"[0.0, 0.0, 0.0, 0.0, 0.0, 0.0, 0.0, 0.0, 0.0, 0.0, 0.0, 0.0, 0.0, 0.0, 0.0, 0.0, 0.0, 0.0, 0.0, 0.0, 0.0, 0.0, 0.0, 0.0, 0.0, 0.0, 0.0, 0.0, 0.0, 0.0, 0.0, 0.0, 0.0, 0.0, 0.0, 0.0]",1.0
1556703805638065910,,51546,,1556703805,625261796,"""base_footprint""",,,0,,1556703805,625261796,"""base_footprint""",2,,,,0.451165060251,-0.00156070878281,1.19221866212,,-0.479155158824,0.529061927326,-0.505338596316,-0.484908974859,"[0.0, 0.0, 0.0, 0.0, 0.0, 0.0, 0.0, 0.0, 0.0, 0.0, 0.0, 0.0, 0.0, 0.0, 0.0, 0.0, 0.0, 0.0, 0.0, 0.0, 0.0, 0.0, 0.0, 0.0, 0.0, 0.0, 0.0, 0.0, 0.0, 0.0, 0.0, 0.0, 0.0, 0.0, 0.0, 0.0]",1.0
1556703805717406226,,51547,,1556703805,706595206,"""base_footprint""",,,0,,1556703805,706595206,"""base_footprint""",2,,,,0.451115927956,-0.00157429925259,1.19238094382,,-0.479151835568,0.529078625829,-0.50559077729,-0.484631088645,"[0.0, 0.0, 0.0, 0.0, 0.0, 0.0, 0.0, 0.0, 0.0, 0.0, 0.0, 0.0, 0.0, 0.0, 0.0, 0.0, 0.0, 0.0, 0.0, 0.0, 0.0, 0.0, 0.0, 0.0, 0.0, 0.0, 0.0, 0.0, 0.0, 0.0, 0.0, 0.0, 0.0, 0.0, 0.0, 0.0]",1.0
1556703805795573235,,51548,,1556703805,785997636,"""base_footprint""",,,0,,1556703805,785997636,"""base_footprint""",2,,,,0.451004771967,-0.00155586231644,1.19235594735,,-0.479762300153,0.528472552657,-0.505555591334,-0.484725118505,"[0.0, 0.0, 0.0, 0.0, 0.0, 0.0, 0.0, 0.0, 0.0, 0.0, 0.0, 0.0, 0.0, 0.0, 0.0, 0.0, 0.0, 0.0, 0.0, 0.0, 0.0, 0.0, 0.0, 0.0, 0.0, 0.0, 0.0, 0.0, 0.0, 0.0, 0.0, 0.0, 0.0, 0.0, 0.0, 0.0]",1.0
1556703805878094035,,51549,,1556703805,867640592,"""base_footprint""",,,0,,1556703805,867640592,"""base_footprint""",2,,,,0.450872498841,-0.00162299558676,1.19211435564,,-0.479116602965,0.529229049184,-0.505488340538,-0.484608534637,"[0.0, 0.0, 0.0, 0.0, 0.0, 0.0, 0.0, 0.0, 0.0, 0.0, 0.0, 0.0, 0.0, 0.0, 0.0, 0.0, 0.0, 0.0, 0.0, 0.0, 0.0, 0.0, 0.0, 0.0, 0.0, 0.0, 0.0, 0.0, 0.0, 0.0, 0.0, 0.0, 0.0, 0.0, 0.0, 0.0]",1.0
1556703805958284194,,51550,,1556703805,947746359,"""base_footprint""",,,0,,1556703805,947746359,"""base_footprint""",2,,,,0.450295323678,-0.00169594336177,1.19248324842,,-0.481080552681,0.527493506733,-0.50599609555,-0.484024847993,"[0.0, 0.0, 0.0, 0.0, 0.0, 0.0, 0.0, 0.0, 0.0, 0.0, 0.0, 0.0, 0.0, 0.0, 0.0, 0.0, 0.0, 0.0, 0.0, 0.0, 0.0, 0.0, 0.0, 0.0, 0.0, 0.0, 0.0, 0.0, 0.0, 0.0, 0.0, 0.0, 0.0, 0.0, 0.0, 0.0]",1.0
1556703806039164645,,51551,,1556703806,28947085,"""base_footprint""",,,0,,1556703806,28947085,"""base_footprint""",2,,,,0.450675604541,-0.00167556171296,1.19218464266,,-0.479878925831,0.528493586828,-0.505896733706,-0.48423056497,"[0.0, 0.0, 0.0, 0.0, 0.0, 0.0, 0.0, 0.0, 0.0, 0.0, 0.0, 0.0, 0.0, 0.0, 0.0, 0.0, 0.0, 0.0, 0.0, 0.0, 0.0, 0.0, 0.0, 0.0, 0.0, 0.0, 0.0, 0.0, 0.0, 0.0, 0.0, 0.0, 0.0, 0.0, 0.0, 0.0]",1.0
1556703806117951992,,51552,,1556703806,108835610,"""base_footprint""",,,0,,1556703806,108835610,"""base_footprint""",2,,,,0.450590328438,-0.00173703208863,1.19242801392,,-0.480578236881,0.527904401039,-0.506527232541,-0.483520076413,"[0.0, 0.0, 0.0, 0.0, 0.0, 0.0, 0.0, 0.0, 0.0, 0.0, 0.0, 0.0, 0.0, 0.0, 0.0, 0.0, 0.0, 0.0, 0.0, 0.0, 0.0, 0.0, 0.0, 0.0, 0.0, 0.0, 0.0, 0.0, 0.0, 0.0, 0.0, 0.0, 0.0, 0.0, 0.0, 0.0]",1.0
1556703806199605821,,51553,,1556703806,189926241,"""base_footprint""",,,0,,1556703806,189926241,"""base_footprint""",2,,,,0.45069896119,-0.0017845341683,1.19226572235,,-0.480594330372,0.527937281383,-0.505871708111,-0.484154036927,"[0.0, 0.0, 0.0, 0.0, 0.0, 0.0, 0.0, 0.0, 0.0, 0.0, 0.0, 0.0, 0.0, 0.0, 0.0, 0.0, 0.0, 0.0, 0.0, 0.0, 0.0, 0.0, 0.0, 0.0, 0.0, 0.0, 0.0, 0.0, 0.0, 0.0, 0.0, 0.0, 0.0, 0.0, 0.0, 0.0]",1.0
1556703806279557554,,51554,,1556703806,269623852,"""base_footprint""",,,0,,1556703806,269623852,"""base_footprint""",2,,,,0.450638984524,-0.00165894031477,1.19222929812,,-0.480775838038,0.527864412928,-0.506624460983,-0.483265362566,"[0.0, 0.0, 0.0, 0.0, 0.0, 0.0, 0.0, 0.0, 0.0, 0.0, 0.0, 0.0, 0.0, 0.0, 0.0, 0.0, 0.0, 0.0, 0.0, 0.0, 0.0, 0.0, 0.0, 0.0, 0.0, 0.0, 0.0, 0.0, 0.0, 0.0, 0.0, 0.0, 0.0, 0.0, 0.0, 0.0]",1.0
1556703806361536513,,51555,,1556703806,350933788,"""base_footprint""",,,0,,1556703806,350933788,"""base_footprint""",2,,,,0.450828187245,-0.00151695002137,1.19223503391,,-0.480633125375,0.527967136433,-0.50631241321,-0.483622003086,"[0.0, 0.0, 0.0, 0.0, 0.0, 0.0, 0.0, 0.0, 0.0, 0.0, 0.0, 0.0, 0.0, 0.0, 0.0, 0.0, 0.0, 0.0, 0.0, 0.0, 0.0, 0.0, 0.0, 0.0, 0.0, 0.0, 0.0, 0.0, 0.0, 0.0, 0.0, 0.0, 0.0, 0.0, 0.0, 0.0]",1.0
1556703806440761691,,51556,,1556703806,430714616,"""base_footprint""",,,0,,1556703806,430714616,"""base_footprint""",2,,,,0.45073250363,-0.00159301247813,1.19232381904,,-0.480122383153,0.528364158095,-0.506261461702,-0.483749052744,"[0.0, 0.0, 0.0, 0.0, 0.0, 0.0, 0.0, 0.0, 0.0, 0.0, 0.0, 0.0, 0.0, 0.0, 0.0, 0.0, 0.0, 0.0, 0.0, 0.0, 0.0, 0.0, 0.0, 0.0, 0.0, 0.0, 0.0, 0.0, 0.0, 0.0, 0.0, 0.0, 0.0, 0.0, 0.0, 0.0]",1.0
1556703806523729807,,51557,,1556703806,512423259,"""base_footprint""",,,0,,1556703806,512423259,"""base_footprint""",2,,,,0.450791648225,-0.00150519378035,1.1922127495,,-0.480335878396,0.528230266095,-0.506712631692,-0.483210656744,"[0.0, 0.0, 0.0, 0.0, 0.0, 0.0, 0.0, 0.0, 0.0, 0.0, 0.0, 0.0, 0.0, 0.0, 0.0, 0.0, 0.0, 0.0, 0.0, 0.0, 0.0, 0.0, 0.0, 0.0, 0.0, 0.0, 0.0, 0.0, 0.0, 0.0, 0.0, 0.0, 0.0, 0.0, 0.0, 0.0]",1.0
1556703806603548625,,51558,,1556703806,592188975,"""base_footprint""",,,0,,1556703806,592188975,"""base_footprint""",2,,,,0.451102722131,-0.00141958193783,1.1922673557,,-0.479468518967,0.528575525682,-0.50510953599,-0.48536811764,"[0.0, 0.0, 0.0, 0.0, 0.0, 0.0, 0.0, 0.0, 0.0, 0.0, 0.0, 0.0, 0.0, 0.0, 0.0, 0.0, 0.0, 0.0, 0.0, 0.0, 0.0, 0.0, 0.0, 0.0, 0.0, 0.0, 0.0, 0.0, 0.0, 0.0, 0.0, 0.0, 0.0, 0.0, 0.0, 0.0]",1.0
1556703806686519331,,51559,,1556703806,673849883,"""base_footprint""",,,0,,1556703806,673849883,"""base_footprint""",2,,,,0.4511261707,-0.00126218731475,1.19220551033,,-0.480604399258,0.527616211571,-0.503023563958,-0.487450344963,"[0.0, 0.0, 0.0, 0.0, 0.0, 0.0, 0.0, 0.0, 0.0, 0.0, 0.0, 0.0, 0.0, 0.0, 0.0, 0.0, 0.0, 0.0, 0.0, 0.0, 0.0, 0.0, 0.0, 0.0, 0.0, 0.0, 0.0, 0.0, 0.0, 0.0, 0.0, 0.0, 0.0, 0.0, 0.0, 0.0]",1.0
1556703806762977097,,51560,,1556703806,753629061,"""base_footprint""",,,0,,1556703806,753629061,"""base_footprint""",2,,,,0.451662524958,-0.0012116762696,1.1925355962,,-0.479759285161,0.528061870802,-0.501434575036,-0.489433402891,"[0.0, 0.0, 0.0, 0.0, 0.0, 0.0, 0.0, 0.0, 0.0, 0.0, 0.0, 0.0, 0.0, 0.0, 0.0, 0.0, 0.0, 0.0, 0.0, 0.0, 0.0, 0.0, 0.0, 0.0, 0.0, 0.0, 0.0, 0.0, 0.0, 0.0, 0.0, 0.0, 0.0, 0.0, 0.0, 0.0]",1.0
1556703806845390518,,51561,,1556703806,834753695,"""base_footprint""",,,0,,1556703806,834753695,"""base_footprint""",2,,,,0.451278430138,-0.00124969903336,1.1923084151,,-0.481495792118,0.526379000506,-0.503832509602,-0.487072635514,"[0.0, 0.0, 0.0, 0.0, 0.0, 0.0, 0.0, 0.0, 0.0, 0.0, 0.0, 0.0, 0.0, 0.0, 0.0, 0.0, 0.0, 0.0, 0.0, 0.0, 0.0, 0.0, 0.0, 0.0, 0.0, 0.0, 0.0, 0.0, 0.0, 0.0, 0.0, 0.0, 0.0, 0.0, 0.0, 0.0]",1.0
1556703806924088857,,51562,,1556703806,914592594,"""base_footprint""",,,0,,1556703806,914592594,"""base_footprint""",2,,,,0.45127397613,-0.0012953236245,1.19252290204,,-0.481517106971,0.526453970711,-0.503650877218,-0.487158379065,"[0.0, 0.0, 0.0, 0.0, 0.0, 0.0, 0.0, 0.0, 0.0, 0.0, 0.0, 0.0, 0.0, 0.0, 0.0, 0.0, 0.0, 0.0, 0.0, 0.0, 0.0, 0.0, 0.0, 0.0, 0.0, 0.0, 0.0, 0.0, 0.0, 0.0, 0.0, 0.0, 0.0, 0.0, 0.0, 0.0]",1.0
1556703807005104019,,51563,,1556703806,995818233,"""base_footprint""",,,0,,1556703806,995818233,"""base_footprint""",2,,,,0.451287303859,-0.00121987899833,1.19228444768,,-0.480981096223,0.526740568852,-0.50346263721,-0.487572488083,"[0.0, 0.0, 0.0, 0.0, 0.0, 0.0, 0.0, 0.0, 0.0, 0.0, 0.0, 0.0, 0.0, 0.0, 0.0, 0.0, 0.0, 0.0, 0.0, 0.0, 0.0, 0.0, 0.0, 0.0, 0.0, 0.0, 0.0, 0.0, 0.0, 0.0, 0.0, 0.0, 0.0, 0.0, 0.0, 0.0]",1.0
1556703807085564931,,51564,,1556703807,75804160,"""base_footprint""",,,0,,1556703807,75804160,"""base_footprint""",2,,,,0.451278464923,-0.00127148384525,1.19242387967,,-0.481746855782,0.526131423119,-0.503338534776,-0.487602309224,"[0.0, 0.0, 0.0, 0.0, 0.0, 0.0, 0.0, 0.0, 0.0, 0.0, 0.0, 0.0, 0.0, 0.0, 0.0, 0.0, 0.0, 0.0, 0.0, 0.0, 0.0, 0.0, 0.0, 0.0, 0.0, 0.0, 0.0, 0.0, 0.0, 0.0, 0.0, 0.0, 0.0, 0.0, 0.0, 0.0]",1.0
1556703807167368651,,51565,,1556703807,157312594,"""base_footprint""",,,0,,1556703807,157312594,"""base_footprint""",2,,,,0.451373763028,-0.00121064441401,1.19231372635,,-0.480665447019,0.527047051062,-0.502863590799,-0.48817040371,"[0.0, 0.0, 0.0, 0.0, 0.0, 0.0, 0.0, 0.0, 0.0, 0.0, 0.0, 0.0, 0.0, 0.0, 0.0, 0.0, 0.0, 0.0, 0.0, 0.0, 0.0, 0.0, 0.0, 0.0, 0.0, 0.0, 0.0, 0.0, 0.0, 0.0, 0.0, 0.0, 0.0, 0.0, 0.0, 0.0]",1.0
1556703807248570393,,51566,,1556703807,237527857,"""base_footprint""",,,0,,1556703807,237527857,"""base_footprint""",2,,,,0.451286272086,-0.00121646733671,1.19250190813,,-0.480965815608,0.52684835512,-0.503851400783,-0.487069256732,"[0.0, 0.0, 0.0, 0.0, 0.0, 0.0, 0.0, 0.0, 0.0, 0.0, 0.0, 0.0, 0.0, 0.0, 0.0, 0.0, 0.0, 0.0, 0.0, 0.0, 0.0, 0.0, 0.0, 0.0, 0.0, 0.0, 0.0, 0.0, 0.0, 0.0, 0.0, 0.0, 0.0, 0.0, 0.0, 0.0]",1.0
1556703807328533194,,51567,,1556703807,319007451,"""base_footprint""",,,0,,1556703807,319007451,"""base_footprint""",2,,,,0.45140369209,-0.00120222610102,1.1926520882,,-0.480445909609,0.527114107716,-0.502747478985,-0.488433637008,"[0.0, 0.0, 0.0, 0.0, 0.0, 0.0, 0.0, 0.0, 0.0, 0.0, 0.0, 0.0, 0.0, 0.0, 0.0, 0.0, 0.0, 0.0, 0.0, 0.0, 0.0, 0.0, 0.0, 0.0, 0.0, 0.0, 0.0, 0.0, 0.0, 0.0, 0.0, 0.0, 0.0, 0.0, 0.0, 0.0]",1.0
1556703807408942632,,51568,,1556703807,398928794,"""base_footprint""",,,0,,1556703807,398928794,"""base_footprint""",2,,,,0.45140403893,-0.00116415078589,1.1926087917,,-0.47992091034,0.527797377124,-0.50327805225,-0.487664895848,"[0.0, 0.0, 0.0, 0.0, 0.0, 0.0, 0.0, 0.0, 0.0, 0.0, 0.0, 0.0, 0.0, 0.0, 0.0, 0.0, 0.0, 0.0, 0.0, 0.0, 0.0, 0.0, 0.0, 0.0, 0.0, 0.0, 0.0, 0.0, 0.0, 0.0, 0.0, 0.0, 0.0, 0.0, 0.0, 0.0]",1.0
1556703807491497600,,51569,,1556703807,480243451,"""base_footprint""",,,0,,1556703807,480243451,"""base_footprint""",2,,,,0.451276284184,-0.00118085426405,1.19272841527,,-0.480485415312,0.527284451907,-0.502801072236,-0.48815566596,"[0.0, 0.0, 0.0, 0.0, 0.0, 0.0, 0.0, 0.0, 0.0, 0.0, 0.0, 0.0, 0.0, 0.0, 0.0, 0.0, 0.0, 0.0, 0.0, 0.0, 0.0, 0.0, 0.0, 0.0, 0.0, 0.0, 0.0, 0.0, 0.0, 0.0, 0.0, 0.0, 0.0, 0.0, 0.0, 0.0]",1.0
1556703807566759352,,51570,,1556703807,559975257,"""base_footprint""",,,0,,1556703807,559975257,"""base_footprint""",2,,,,0.451345775705,-0.00119845917709,1.19237193882,,-0.480461656739,0.527176004187,-0.503181766419,-0.487903850114,"[0.0, 0.0, 0.0, 0.0, 0.0, 0.0, 0.0, 0.0, 0.0, 0.0, 0.0, 0.0, 0.0, 0.0, 0.0, 0.0, 0.0, 0.0, 0.0, 0.0, 0.0, 0.0, 0.0, 0.0, 0.0, 0.0, 0.0, 0.0, 0.0, 0.0, 0.0, 0.0, 0.0, 0.0, 0.0, 0.0]",1.0
1556703807651585076,,51571,,1556703807,641337044,"""base_footprint""",,,0,,1556703807,641337044,"""base_footprint""",2,,,,0.45128362423,-0.0012225410338,1.19249565291,,-0.481182959861,0.526647103686,-0.503281686917,-0.487661082036,"[0.0, 0.0, 0.0, 0.0, 0.0, 0.0, 0.0, 0.0, 0.0, 0.0, 0.0, 0.0, 0.0, 0.0, 0.0, 0.0, 0.0, 0.0, 0.0, 0.0, 0.0, 0.0, 0.0, 0.0, 0.0, 0.0, 0.0, 0.0, 0.0, 0.0, 0.0, 0.0, 0.0, 0.0, 0.0, 0.0]",1.0
1556703807731382832,,51572,,1556703807,721427532,"""base_footprint""",,,0,,1556703807,721427532,"""base_footprint""",2,,,,0.451285385809,-0.0012182850694,1.19228968148,,-0.48104466835,0.526712558861,-0.503437256221,-0.487566238001,"[0.0, 0.0, 0.0, 0.0, 0.0, 0.0, 0.0, 0.0, 0.0, 0.0, 0.0, 0.0, 0.0, 0.0, 0.0, 0.0, 0.0, 0.0, 0.0, 0.0, 0.0, 0.0, 0.0, 0.0, 0.0, 0.0, 0.0, 0.0, 0.0, 0.0, 0.0, 0.0, 0.0, 0.0, 0.0, 0.0]",1.0
1556703807813472081,,51573,,1556703807,803488278,"""base_footprint""",,,0,,1556703807,803488278,"""base_footprint""",2,,,,0.451319471726,-0.00122417889583,1.19221037098,,-0.481016841316,0.52673364477,-0.50326301028,-0.487750764553,"[0.0, 0.0, 0.0, 0.0, 0.0, 0.0, 0.0, 0.0, 0.0, 0.0, 0.0, 0.0, 0.0, 0.0, 0.0, 0.0, 0.0, 0.0, 0.0, 0.0, 0.0, 0.0, 0.0, 0.0, 0.0, 0.0, 0.0, 0.0, 0.0, 0.0, 0.0, 0.0, 0.0, 0.0, 0.0, 0.0]",1.0
1556703807893214251,,51574,,1556703807,883251585,"""base_footprint""",,,0,,1556703807,883251585,"""base_footprint""",2,,,,0.451289695898,-0.00122864654706,1.19220637152,,-0.481184809217,0.526594343115,-0.503105324863,-0.487898154611,"[0.0, 0.0, 0.0, 0.0, 0.0, 0.0, 0.0, 0.0, 0.0, 0.0, 0.0, 0.0, 0.0, 0.0, 0.0, 0.0, 0.0, 0.0, 0.0, 0.0, 0.0, 0.0, 0.0, 0.0, 0.0, 0.0, 0.0, 0.0, 0.0, 0.0, 0.0, 0.0, 0.0, 0.0, 0.0, 0.0]",1.0
1556703807976001168,,51575,,1556703807,964288907,"""base_footprint""",,,0,,1556703807,964288907,"""base_footprint""",2,,,,0.451297388286,-0.00122782634154,1.1922919572,,-0.481084845354,0.526693936452,-0.503418873772,-0.487565694451,"[0.0, 0.0, 0.0, 0.0, 0.0, 0.0, 0.0, 0.0, 0.0, 0.0, 0.0, 0.0, 0.0, 0.0, 0.0, 0.0, 0.0, 0.0, 0.0, 0.0, 0.0, 0.0, 0.0, 0.0, 0.0, 0.0, 0.0, 0.0, 0.0, 0.0, 0.0, 0.0, 0.0, 0.0, 0.0, 0.0]",1.0
1556703808051945464,,51576,,1556703808,43786497,"""base_footprint""",,,0,,1556703808,43786497,"""base_footprint""",2,,,,0.451321995375,-0.00120151827091,1.19238299003,,-0.480647787572,0.527105553949,-0.503274806582,-0.487700633954,"[0.0, 0.0, 0.0, 0.0, 0.0, 0.0, 0.0, 0.0, 0.0, 0.0, 0.0, 0.0, 0.0, 0.0, 0.0, 0.0, 0.0, 0.0, 0.0, 0.0, 0.0, 0.0, 0.0, 0.0, 0.0, 0.0, 0.0, 0.0, 0.0, 0.0, 0.0, 0.0, 0.0, 0.0, 0.0, 0.0]",1.0
1556703808136199890,,51577,,1556703808,125638546,"""base_footprint""",,,0,,1556703808,125638546,"""base_footprint""",2,,,,0.451273066698,-0.00119919928347,1.19218550627,,-0.480859174426,0.526911342739,-0.503744740641,-0.487216715169,"[0.0, 0.0, 0.0, 0.0, 0.0, 0.0, 0.0, 0.0, 0.0, 0.0, 0.0, 0.0, 0.0, 0.0, 0.0, 0.0, 0.0, 0.0, 0.0, 0.0, 0.0, 0.0, 0.0, 0.0, 0.0, 0.0, 0.0, 0.0, 0.0, 0.0, 0.0, 0.0, 0.0, 0.0, 0.0, 0.0]",1.0
1556703808216514933,,51578,,1556703808,205123578,"""base_footprint""",,,0,,1556703808,205123578,"""base_footprint""",2,,,,0.451337826711,-0.00120097068842,1.19220363419,,-0.48061624768,0.527162037946,-0.503506117996,-0.487431838677,"[0.0, 0.0, 0.0, 0.0, 0.0, 0.0, 0.0, 0.0, 0.0, 0.0, 0.0, 0.0, 0.0, 0.0, 0.0, 0.0, 0.0, 0.0, 0.0, 0.0, 0.0, 0.0, 0.0, 0.0, 0.0, 0.0, 0.0, 0.0, 0.0, 0.0, 0.0, 0.0, 0.0, 0.0, 0.0, 0.0]",1.0
1556703808296366251,,51579,,1556703808,286833337,"""base_footprint""",,,0,,1556703808,286833337,"""base_footprint""",2,,,,0.451272922733,-0.00120056071073,1.19209096365,,-0.480902968046,0.526881012423,-0.503701087124,-0.487251422679,"[0.0, 0.0, 0.0, 0.0, 0.0, 0.0, 0.0, 0.0, 0.0, 0.0, 0.0, 0.0, 0.0, 0.0, 0.0, 0.0, 0.0, 0.0, 0.0, 0.0, 0.0, 0.0, 0.0, 0.0, 0.0, 0.0, 0.0, 0.0, 0.0, 0.0, 0.0, 0.0, 0.0, 0.0, 0.0, 0.0]",1.0
1556703808377700005,,51580,,1556703808,366733492,"""base_footprint""",,,0,,1556703808,366733492,"""base_footprint""",2,,,,0.451311878083,-0.00121289760009,1.19221605552,,-0.481042362514,0.526761311147,-0.503364807017,-0.487590645523,"[0.0, 0.0, 0.0, 0.0, 0.0, 0.0, 0.0, 0.0, 0.0, 0.0, 0.0, 0.0, 0.0, 0.0, 0.0, 0.0, 0.0, 0.0, 0.0, 0.0, 0.0, 0.0, 0.0, 0.0, 0.0, 0.0, 0.0, 0.0, 0.0, 0.0, 0.0, 0.0, 0.0, 0.0, 0.0, 0.0]",1.0
1556703808458043742,,51581,,1556703808,448510900,"""base_footprint""",,,0,,1556703808,448510900,"""base_footprint""",2,,,,0.451264306045,-0.00120482434825,1.19228806641,,-0.480945379669,0.526811970934,-0.503758628814,-0.487224725308,"[0.0, 0.0, 0.0, 0.0, 0.0, 0.0, 0.0, 0.0, 0.0, 0.0, 0.0, 0.0, 0.0, 0.0, 0.0, 0.0, 0.0, 0.0, 0.0, 0.0, 0.0, 0.0, 0.0, 0.0, 0.0, 0.0, 0.0, 0.0, 0.0, 0.0, 0.0, 0.0, 0.0, 0.0, 0.0, 0.0]",1.0
1556703808538892509,,51582,,1556703808,528864284,"""base_footprint""",,,0,,1556703808,528864284,"""base_footprint""",2,,,,0.451338513651,-0.00119675615371,1.19240449247,,-0.480636866525,0.527156553897,-0.503437258429,-0.487488560939,"[0.0, 0.0, 0.0, 0.0, 0.0, 0.0, 0.0, 0.0, 0.0, 0.0, 0.0, 0.0, 0.0, 0.0, 0.0, 0.0, 0.0, 0.0, 0.0, 0.0, 0.0, 0.0, 0.0, 0.0, 0.0, 0.0, 0.0, 0.0, 0.0, 0.0, 0.0, 0.0, 0.0, 0.0, 0.0, 0.0]",1.0
1556703808622090382,,51583,,1556703808,610214740,"""base_footprint""",,,0,,1556703808,610214740,"""base_footprint""",2,,,,0.451282641012,-0.00119571023484,1.19219730994,,-0.480863934796,0.526923220366,-0.503584118764,-0.487365193033,"[0.0, 0.0, 0.0, 0.0, 0.0, 0.0, 0.0, 0.0, 0.0, 0.0, 0.0, 0.0, 0.0, 0.0, 0.0, 0.0, 0.0, 0.0, 0.0, 0.0, 0.0, 0.0, 0.0, 0.0, 0.0, 0.0, 0.0, 0.0, 0.0, 0.0, 0.0, 0.0, 0.0, 0.0, 0.0, 0.0]",1.0
1556703808699764493,,51584,,1556703808,690135849,"""base_footprint""",,,0,,1556703808,690135849,"""base_footprint""",2,,,,0.451327759183,-0.00120275890768,1.19210930458,,-0.480683576126,0.527081070765,-0.503471472993,-0.48748878999,"[0.0, 0.0, 0.0, 0.0, 0.0, 0.0, 0.0, 0.0, 0.0, 0.0, 0.0, 0.0, 0.0, 0.0, 0.0, 0.0, 0.0, 0.0, 0.0, 0.0, 0.0, 0.0, 0.0, 0.0, 0.0, 0.0, 0.0, 0.0, 0.0, 0.0, 0.0, 0.0, 0.0, 0.0, 0.0, 0.0]",1.0
1556703808784622222,,51585,,1556703808,772275804,"""base_footprint""",,,0,,1556703808,772275804,"""base_footprint""",2,,,,0.451306116299,-0.00119175978746,1.19200133392,,-0.480559566645,0.527200411386,-0.503625199897,-0.487323185544,"[0.0, 0.0, 0.0, 0.0, 0.0, 0.0, 0.0, 0.0, 0.0, 0.0, 0.0, 0.0, 0.0, 0.0, 0.0, 0.0, 0.0, 0.0, 0.0, 0.0, 0.0, 0.0, 0.0, 0.0, 0.0, 0.0, 0.0, 0.0, 0.0, 0.0, 0.0, 0.0, 0.0, 0.0, 0.0, 0.0]",1.0
1556703808862402818,,51586,,1556703808,851911716,"""base_footprint""",,,0,,1556703808,851911716,"""base_footprint""",2,,,,0.451305341122,-0.00120383983961,1.1920101056,,-0.480823532562,0.52694954804,-0.503506319069,-0.487456963242,"[0.0, 0.0, 0.0, 0.0, 0.0, 0.0, 0.0, 0.0, 0.0, 0.0, 0.0, 0.0, 0.0, 0.0, 0.0, 0.0, 0.0, 0.0, 0.0, 0.0, 0.0, 0.0, 0.0, 0.0, 0.0, 0.0, 0.0, 0.0, 0.0, 0.0, 0.0, 0.0, 0.0, 0.0, 0.0, 0.0]",1.0
1556703808943756498,,51587,,1556703808,933442429,"""base_footprint""",,,0,,1556703808,933442429,"""base_footprint""",2,,,,0.451302475192,-0.00119575248989,1.19229176651,,-0.480633794313,0.527162529933,-0.5036341635,-0.487281696922,"[0.0, 0.0, 0.0, 0.0, 0.0, 0.0, 0.0, 0.0, 0.0, 0.0, 0.0, 0.0, 0.0, 0.0, 0.0, 0.0, 0.0, 0.0, 0.0, 0.0, 0.0, 0.0, 0.0, 0.0, 0.0, 0.0, 0.0, 0.0, 0.0, 0.0, 0.0, 0.0, 0.0, 0.0, 0.0, 0.0]",1.0
1556703809024223486,,51588,,1556703809,12957987,"""base_footprint""",,,0,,1556703809,12957987,"""base_footprint""",2,,,,0.451325051287,-0.00119237518867,1.19240427664,,-0.480661050725,0.527164893149,-0.503551521982,-0.487337659592,"[0.0, 0.0, 0.0, 0.0, 0.0, 0.0, 0.0, 0.0, 0.0, 0.0, 0.0, 0.0, 0.0, 0.0, 0.0, 0.0, 0.0, 0.0, 0.0, 0.0, 0.0, 0.0, 0.0, 0.0, 0.0, 0.0, 0.0, 0.0, 0.0, 0.0, 0.0, 0.0, 0.0, 0.0, 0.0, 0.0]",1.0
1556703809103736476,,51589,,1556703809,94594928,"""base_footprint""",,,0,,1556703809,94594928,"""base_footprint""",2,,,,0.45131801721,-0.00119841022157,1.19250144619,,-0.480782821664,0.527037921464,-0.503514247638,-0.487393383374,"[0.0, 0.0, 0.0, 0.0, 0.0, 0.0, 0.0, 0.0, 0.0, 0.0, 0.0, 0.0, 0.0, 0.0, 0.0, 0.0, 0.0, 0.0, 0.0, 0.0, 0.0, 0.0, 0.0, 0.0, 0.0, 0.0, 0.0, 0.0, 0.0, 0.0, 0.0, 0.0, 0.0, 0.0, 0.0, 0.0]",1.0
1556703809183642182,,51590,,1556703809,174439901,"""base_footprint""",,,0,,1556703809,174439901,"""base_footprint""",2,,,,0.451316834049,-0.00119728012727,1.19259574138,,-0.480831446242,0.526974520353,-0.503539364686,-0.487388021411,"[0.0, 0.0, 0.0, 0.0, 0.0, 0.0, 0.0, 0.0, 0.0, 0.0, 0.0, 0.0, 0.0, 0.0, 0.0, 0.0, 0.0, 0.0, 0.0, 0.0, 0.0, 0.0, 0.0, 0.0, 0.0, 0.0, 0.0, 0.0, 0.0, 0.0, 0.0, 0.0, 0.0, 0.0, 0.0, 0.0]",1.0
